word,points
absinth,3
absinthe,3
absinthes,3
absinths,3
acantha,3
acanthae,3
acanthi,3
acanthine,3
acanthocephalan,3
acanthoid,3
acanthous,3
acanthus,3
acanthuses,3
acrolith,3
acroliths,3
adulthood,2
adulthoods,3
aerolith,3
aeroliths,3
aesthesia,3
aesthesias,3
aesthete,3
aesthetes,3
aesthetic,2
aesthetical,3
aesthetically,2
aesthetician,3
aestheticians,3
aestheticism,3
aestheticisms,3
aestheticize,3
aestheticized,3
aestheticizes,3
aestheticizing,3
aesthetics,2
aether,3
aethereal,3
aetheric,3
aethers,3
aforethought,3
afterbirth,3
afterbirths,3
aftermath,2
aftermaths,3
afterthought,2
afterthoughts,3
agapanthus,3
agapanthuses,3
aggadoth,3
agnathan,3
agnathans,3
agoroth,3
ailanthic,3
ailanthus,3
ailanthuses,3
airth,3
airthed,3
airthing,3
airths,3
airworthier,3
airworthiest,3
airworthiness,3
airworthinesses,3
airworthy,3
alecithal,3
algorithm,2
algorithmic,2
algorithmically,3
algorithms,2
aliyoth,3
allelopathic,3
allelopathies,3
allelopathy,3
allethrin,3
allethrins,3
allochthon,3
allochthons,3
allopath,3
allopathic,3
allopathies,3
allopaths,3
allopathy,3
altazimuth,3
altazimuths,3
althaea,3
althaeas,3
althea,2
altheas,3
altho,3
althorn,3
althorns,3
although,1
altogether,2
altogethers,3
amaranth,3
amaranthine,3
amaranths,3
amethyst,2
amethystine,3
amethysts,3
amianthus,3
amianthuses,3
amphipathic,3
amphitheater,2
amphitheaters,3
amphitheatre,2
amphitheatres,3
amphitheatric,3
amphitheatrical,3
anacolutha,3
anacoluthic,3
anacoluthically,3
anacoluthon,3
anacoluthons,3
anaesthesia,3
anaesthesias,3
anaesthesiology,3
anaesthetic,3
anaesthetics,3
anaesthetise,3
anaesthetised,3
anaesthetises,3
anaesthetising,3
anaesthetist,3
anaesthetists,3
anaesthetize,3
anaesthetized,3
anaesthetizes,3
anaesthetizing,3
anarthria,3
anarthrias,3
anarthric,3
anathema,2
anathemas,3
anathemata,3
anathematize,3
anathematized,3
anathematizes,3
anathematizing,3
anesthesia,2
anesthesias,3
anesthesiology,3
anesthetic,2
anesthetically,3
anesthetics,3
anesthetist,3
anesthetists,3
anesthetize,3
anesthetized,2
anesthetizes,3
anesthetizing,3
anethol,3
anethole,3
anetholes,3
anethols,3
anorthic,3
anorthite,3
anorthites,3
anorthitic,3
anorthosite,3
anorthosites,3
anorthositic,3
another,1
anthelia,3
anthelices,3
anthelion,3
anthelions,3
anthelix,3
anthelixes,3
anthelmintic,3
anthelmintics,3
anthem,2
anthemed,3
anthemia,3
anthemic,3
antheming,3
anthemion,3
anthems,2
anther,3
antheral,3
antherid,3
antheridia,3
antheridial,3
antheridium,3
antherids,3
anthers,3
antheses,3
anthesis,3
anthill,3
anthills,3
anthocyan,3
anthocyanin,3
anthocyanins,3
anthocyans,3
anthodia,3
anthodium,3
anthoid,3
anthological,3
anthologies,2
anthologist,3
anthologists,3
anthologize,3
anthologized,3
anthologizer,3
anthologizers,3
anthologizes,3
anthologizing,3
anthology,2
anthophilous,3
anthophyllite,3
anthophyllites,3
anthozoan,3
anthozoans,3
anthozoic,3
anthracene,3
anthracenes,3
anthraces,3
anthracite,3
anthracites,3
anthracitic,3
anthracnose,3
anthracnoses,3
anthranilate,3
anthranilates,3
anthraquinone,3
anthraquinones,3
anthrax,2
anthraxes,3
anthro,3
anthropic,3
anthropical,3
anthropocentric,3
anthropogenic,2
anthropoid,3
anthropoids,3
anthropological,2
anthropologies,3
anthropologist,2
anthropologists,2
anthropology,2
anthropometric,3
anthropometries,3
anthropometry,3
anthropomorph,3
anthropomorphic,2
anthropomorphs,3
anthropopathism,3
anthropophagi,3
anthropophagies,3
anthropophagous,3
anthropophagus,3
anthropophagy,3
anthroposophies,3
anthroposophist,3
anthroposophy,3
anthros,3
anthurium,3
anthuriums,3
antiapartheid,3
antiarrhythmia,3
antiarrhythmic,3
antiarthritic,3
antiarthritics,3
antiarthritis,3
antiasthma,3
antiauthority,3
antigrowth,3
antilogarithm,3
antilogarithms,3
antipathetic,3
antipathies,3
antipathy,2
antitheft,3
antitheoretical,3
antitheses,3
antithesis,2
antithetic,3
antithetical,2
antithetically,3
antithrombin,3
antithrombins,3
antithrombotic,3
antithyroid,3
anything,1
anythings,3
apartheid,2
apartheids,3
apathetic,2
apathetically,3
apathies,3
apathy,2
aphtha,3
aphthae,3
aphthous,3
apophthegm,3
apophthegms,3
apothecaries,3
apothecary,2
apothece,3
apotheces,3
apothecia,3
apothecial,3
apothecium,3
apothegm,3
apothegmatic,3
apothegms,3
apothem,3
apothems,3
apotheoses,3
apotheosis,2
apotheosize,3
apotheosized,3
apotheosizes,3
apotheosizing,3
arethusa,3
arethusas,3
arithmetic,2
arithmetical,3
arithmetically,3
arithmetician,3
arithmeticians,3
arithmetics,3
aromatherapies,3
aromatherapist,3
aromatherapists,3
aromatherapy,2
arrhythmia,2
arrhythmias,3
arrhythmic,3
arthralgia,3
arthralgias,3
arthralgic,3
arthritic,2
arthritically,3
arthritics,3
arthritides,3
arthritis,2
arthritises,3
arthrodeses,3
arthrodesis,3
arthropathies,3
arthropathy,3
arthropod,3
arthropodan,3
arthropods,3
arthroscope,3
arthroscopes,3
arthroscopic,2
arthroscopies,3
arthroscopy,3
arthroses,3
arthrosis,3
arthrospore,3
arthrospores,3
arythmia,3
arythmias,3
arythmic,3
astaxanthin,3
astaxanthins,3
asthanga,3
asthangas,3
asthenia,3
asthenias,3
asthenic,3
asthenics,3
asthenies,3
asthenosphere,3
asthenospheres,3
asthenospheric,3
astheny,3
asthma,2
asthmas,3
asthmatic,2
asthmatically,3
asthmatics,3
athanasies,3
athanasy,3
atheism,2
atheisms,3
atheist,2
atheistic,2
atheistical,3
atheistically,3
atheists,2
atheling,3
athelings,3
athenaeum,3
athenaeums,3
atheneum,3
atheneums,3
atheoretical,3
atherogeneses,3
atherogenesis,3
atherogenic,3
atheroma,3
atheromas,3
atheromata,3
atheromatous,3
atheroscleroses,3
atherosclerosis,2
atherosclerotic,3
athetoid,3
athetoses,3
athetosis,3
athetotic,3
athirst,3
athlete,2
athletes,1
athletic,1
athletically,2
athleticism,2
athleticisms,3
athletics,2
athodyd,3
athodyds,3
athrocyte,3
athrocytes,3
athwart,3
athwartship,3
athwartships,3
aunthood,3
aunthoods,3
authentic,2
authentically,2
authenticate,2
authenticated,2
authenticates,3
authenticating,3
authentication,2
authentications,3
authenticator,3
authenticators,3
authenticities,3
authenticity,2
author,1
authored,2
authoress,3
authoresses,3
authorial,2
authoring,2
authorings,3
authorisation,3
authorisations,3
authorise,3
authorised,3
authorises,3
authorising,3
authoritarian,2
authoritarians,3
authoritative,2
authoritatively,3
authorities,1
authority,1
authorization,2
authorizations,3
authorize,2
authorized,2
authorizer,3
authorizers,3
authorizes,2
authorizing,2
authors,1
authorship,2
authorships,3
autochthon,3
autochthones,3
autochthonous,3
autochthonously,3
autochthons,3
aweather,3
azathioprine,3
azathioprines,3
azidothymidine,3
azidothymidines,3
azimuth,3
azimuthal,3
azimuthally,3
azimuths,3
azoth,3
azoths,3
backcloth,3
backcloths,3
badmouth,3
badmouthed,3
badmouthing,3
badmouths,3
baith,3
bandwidth,2
bandwidths,3
barathea,3
baratheas,3
basepath,3
basepaths,3
bath,2
bathe,2
bathed,2
bather,3
bathers,3
bathes,3
bathetic,3
bathetically,3
bathhouse,2
bathhouses,3
bathing,2
bathings,3
bathless,3
bathmat,3
bathmats,3
batholith,3
batholithic,3
batholiths,3
bathos,3
bathoses,3
bathrobe,2
bathrobes,3
bathroom,1
bathrooms,2
baths,2
bathtub,2
bathtubs,3
bathwater,2
bathwaters,3
bathyal,3
bathymeter,3
bathymeters,3
bathymetric,3
bathymetrical,3
bathymetrically,3
bathymetries,3
bathymetry,3
bathypelagic,3
bathyscaph,3
bathyscaphe,3
bathyscaphes,3
bathyscaphs,3
bathysphere,3
bathyspheres,3
beclothe,3
beclothed,3
beclothes,3
beclothing,3
bedclothes,3
behemoth,2
behemoths,2
bellwether,2
bellwethers,3
beneath,1
benthal,3
benthic,2
benthon,3
benthonic,3
benthons,3
benthos,3
benthoses,3
benzanthracene,3
benzanthracenes,3
bequeath,3
bequeathal,3
bequeathals,3
bequeathed,2
bequeather,3
bequeathers,3
bequeathing,3
bequeaths,3
berth,2
bertha,2
berthas,3
berthed,3
berthing,3
berthings,3
berths,2
besmooth,3
besmoothed,3
besmoothing,3
besmooths,3
besoothe,3
besoothed,3
besoothes,3
besoothing,3
beth,2
bethank,3
bethanked,3
bethanking,3
bethanks,3
bethel,2
bethels,3
bethesda,2
bethesdas,3
bethink,3
bethinking,3
bethinks,3
bethorn,3
bethorned,3
bethorning,3
bethorns,3
bethought,3
beths,3
bethump,3
bethumped,3
bethumping,3
bethumps,3
betroth,3
betrothal,3
betrothals,3
betrothed,2
betrotheds,3
betrothing,3
betroths,3
biathlete,3
biathletes,3
biathlon,3
biathlons,3
bibliotheca,3
bibliothecae,3
bibliothecal,3
bibliothecas,3
bibliotherapies,3
bibliotherapy,3
bigmouth,3
bigmouthed,3
bigmouths,3
billionth,3
billionths,3
bimethyl,3
bimethyls,3
bimonthlies,3
bimonthly,3
bioethanol,3
bioethanols,3
bioethic,3
bioethical,3
bioethicist,3
bioethicists,3
bioethics,2
biomathematical,3
biomathematics,3
biorhythm,3
biorhythmic,3
biorhythms,3
biosyntheses,3
biosynthesis,3
biosynthetic,3
birdbath,3
birdbaths,3
birth,1
birthdate,3
birthdates,3
birthday,1
birthdays,2
birthed,2
birthing,2
birthings,3
birthmark,2
birthmarks,3
birthname,3
birthnames,3
birthplace,2
birthplaces,3
birthrate,3
birthrates,3
birthright,2
birthrights,3
birthroot,3
birthroots,3
births,2
birthstone,3
birthstones,3
birthwort,3
birthworts,3
bismuth,3
bismuthal,3
bismuthic,3
bismuths,3
blabbermouth,3
blabbermouths,3
blacksmith,2
blacksmithing,3
blacksmithings,3
blacksmiths,3
blackthorn,3
blackthorns,3
blameworthiness,3
blameworthy,3
blasthole,3
blastholes,3
blather,2
blathered,3
blatherer,3
blatherers,3
blathering,3
blatherings,3
blathers,3
blatherskite,3
blatherskites,3
blether,3
blethered,3
blethering,3
blethers,3
blithe,2
blitheful,3
blithely,2
blitheness,3
blithenesses,3
blither,3
blithered,3
blithering,3
blitheringly,3
blithers,3
blithesome,3
blithesomely,3
blithest,3
bloodbath,2
bloodbaths,3
bloodthirstier,3
bloodthirstiest,3
bloodthirstily,3
bloodthirsty,2
boathook,3
boathooks,3
boathouse,2
boathouses,3
bolthead,3
boltheads,3
bolthole,3
boltholes,3
booth,2
booths,2
both,1
bother,1
botheration,3
botherations,3
bothered,2
bothering,2
bothers,2
bothersome,2
bothie,3
bothies,3
bothria,3
bothrium,3
bothriums,3
bothy,3
boxthorn,3
boxthorns,3
brachytherapies,3
brachytherapy,3
breadth,2
breadths,3
breadthwise,3
breakthrough,2
breakthroughs,2
breath,1
breathabilities,3
breathability,3
breathable,2
breathe,1
breathed,2
breather,2
breathers,3
breathes,2
breathier,3
breathiest,3
breathily,3
breathiness,3
breathinesses,3
breathing,1
breathings,3
breathless,2
breathlessly,2
breathlessness,3
breaths,2
breathtaking,2
breathtakingly,2
breathy,2
breechcloth,3
breechcloths,3
brethren,2
brith,3
briths,3
broadcloth,3
broadcloths,3
broth,2
brothel,2
brothels,2
brother,1
brothered,3
brotherhood,2
brotherhoods,3
brothering,3
brotherliness,3
brotherlinesses,3
brotherly,2
brothers,1
broths,3
brothy,3
buckteeth,3
buckthorn,3
buckthorns,3
bucktooth,3
bucktoothed,3
burthen,3
burthened,3
burthening,3
burthens,3
butthead,3
buttheads,3
bypath,3
bypaths,3
cacoethes,3
calathea,3
calatheas,3
calathi,3
calathos,3
calathus,3
calisthenic,3
calisthenics,3
callisthenic,3
callisthenics,3
callithump,3
callithumpian,3
callithumps,3
calthrop,3
calthrops,3
canthal,3
canthari,3
cantharides,3
cantharidin,3
cantharidins,3
cantharis,3
canthaxanthin,3
canthaxanthins,3
canthi,3
canthic,3
canthitis,3
canthitises,3
canthus,3
cardiomyopathy,3
cardiopathies,3
cardiopathy,3
cardiothoracic,3
carthorse,3
carthorses,3
catharses,3
catharsis,2
cathartic,2
cathartically,3
cathartics,3
cathead,3
catheads,3
cathect,3
cathected,3
cathectic,3
cathecting,3
cathects,3
cathedra,3
cathedrae,3
cathedral,2
cathedrals,2
cathedras,3
cathepsin,3
cathepsins,3
catheptic,3
catheter,2
catheterisation,3
catheterization,3
catheterize,3
catheterized,3
catheterizes,3
catheterizing,3
catheters,3
cathexes,3
cathexis,3
cathodal,3
cathodally,3
cathode,2
cathodes,3
cathodic,3
cathodically,3
catholic,1
catholically,3
catholicate,3
catholicates,3
catholicities,3
catholicity,3
catholicize,3
catholicized,3
catholicizes,3
catholicizing,3
catholicly,3
catholicoi,3
catholicon,3
catholicons,3
catholicos,3
catholicoses,3
catholics,2
cathouse,3
cathouses,3
ceanothus,3
ceanothuses,3
cephalothin,3
cephalothins,3
cephalothoraces,3
cephalothorax,3
cephalothoraxes,3
cerecloth,3
cerecloths,3
chaetognath,3
chaetognaths,3
challoth,3
chaloth,3
channelopathies,3
channelopathy,3
cheesecloth,2
cheesecloths,3
chemosyntheses,3
chemosynthesis,3
chemosynthetic,3
chemotherapies,3
chemotherapist,3
chemotherapists,3
chemotherapy,2
cheth,3
cheths,3
childbirth,2
childbirths,3
chlorothiazide,3
chlorothiazides,3
cholelithiases,3
cholelithiasis,3
chrestomathies,3
chrestomathy,3
chronotherapies,3
chronotherapy,3
chrysanthemum,3
chrysanthemums,3
chthonian,3
chthonic,3
cinematheque,3
cinematheques,3
cithara,3
citharas,3
cither,3
cithern,3
citherns,3
cithers,3
cithren,3
cithrens,3
clathrate,3
clathrates,3
closemouthed,3
cloth,2
clothbound,3
clothe,2
clothed,2
clothes,1
clotheshorse,3
clotheshorses,3
clothesline,2
clotheslined,3
clotheslines,3
clotheslining,3
clothespin,3
clothespins,3
clothespress,3
clothespresses,3
clothier,3
clothiers,3
clothing,1
clothings,3
clothlike,3
cloths,2
coauthor,2
coauthored,2
coauthoring,3
coauthors,3
coauthorship,3
coauthorships,3
coccolith,3
coccoliths,3
coelacanth,3
coelacanths,3
colcothar,3
colcothars,3
colocynth,3
colocynths,3
cologarithm,3
cologarithms,3
colthood,3
colthoods,3
cometh,2
comether,3
comethers,3
commonwealth,2
commonwealths,3
coolth,3
coolths,3
coppersmith,3
coppersmiths,3
cothurn,3
cothurnal,3
cothurni,3
cothurns,3
cothurnus,3
cottonmouth,3
cottonmouths,3
countermyth,3
countermyths,3
counterthreat,3
counterthreats,3
counterthrust,3
counterthrusts,3
courthouse,2
courthouses,3
couth,3
couther,3
couthest,3
couthie,3
couthier,3
couthiest,3
couths,3
crashworthiness,3
crashworthy,3
creditworthier,3
creditworthiest,3
creditworthy,3
cringeworthier,3
cringeworthiest,3
cringeworthy,3
crwth,3
crwths,3
cryotherapies,3
cryotherapy,3
cryptarithm,3
cryptarithms,3
cutthroat,2
cutthroats,3
cyanoethylate,3
cyanoethylated,3
cyanoethylates,3
cyanoethylating,3
cyanoethylation,3
cyathia,3
cyathium,3
cyclothymia,3
cyclothymias,3
cyclothymic,3
cystolith,3
cystoliths,3
cytopathic,3
cytopathogenic,3
cytopathologies,3
cytopathologist,3
cytopathology,3
daleth,3
daleths,3
dearth,2
dearths,3
death,1
deathbed,2
deathbeds,3
deathblow,3
deathblows,3
deathcare,3
deathcup,3
deathcups,3
deathful,3
deathless,3
deathlessly,3
deathlessness,3
deathlessnesses,3
deathlier,3
deathliest,3
deathlike,3
deathly,2
deaths,1
deathsman,3
deathsmen,3
deathtrap,3
deathtraps,3
deathwatch,3
deathwatches,3
deathy,3
decamethonium,3
decamethoniums,3
decathlete,3
decathletes,3
decathlon,2
decathlons,3
demethylate,3
demethylated,3
demethylates,3
demethylating,3
demethylation,3
demethylations,3
demythologize,3
demythologized,3
demythologizer,3
demythologizers,3
demythologizes,3
demythologizing,3
depth,1
depthless,3
depths,2
dethatch,3
dethatched,3
dethatcher,3
dethatchers,3
dethatches,3
dethatching,3
dethrone,3
dethroned,3
dethronement,3
dethronements,3
dethroner,3
dethroners,3
dethrones,3
dethroning,3
dexamethasone,3
dexamethasones,3
dianthus,3
dianthuses,3
diarthroses,3
diarthrosis,3
diathermanous,3
diathermic,3
diathermies,3
diathermy,3
diatheses,3
diathesis,3
diathetic,3
dichloroethane,3
dichloroethanes,3
diether,3
diethers,3
dimethoate,3
dimethoates,3
dimethyl,3
dimethyls,3
dinothere,3
dinotheres,3
diphtheria,2
diphtherial,3
diphtherias,3
diphtheritic,3
diphtheroid,3
diphtheroids,3
diphthong,3
diphthongal,3
diphthonged,3
diphthonging,3
diphthongize,3
diphthongized,3
diphthongizes,3
diphthongizing,3
diphthongs,3
discotheque,3
discotheques,3
disenthral,3
disenthrall,3
disenthralled,3
disenthralling,3
disenthralls,3
disenthrals,3
dishcloth,3
dishcloths,3
ditheism,3
ditheisms,3
ditheist,3
ditheists,3
dither,3
dithered,3
ditherer,3
ditherers,3
dithering,3
ditherings,3
dithers,3
dithery,3
dithiocarbamate,3
dithiol,3
dithyramb,3
dithyrambic,3
dithyrambically,3
dithyrambs,3
doeth,3
dogteeth,3
dogtooth,3
doth,2
doublethink,3
doublethinks,3
downthrow,3
downthrows,3
dozenth,3
dozenths,3
dropcloth,3
dropcloths,3
drouth,3
drouthier,3
drouthiest,3
drouths,3
drouthy,3
druther,3
druthers,3
dryopithecine,3
dryopithecines,3
duathlete,3
duathletes,3
duathlon,3
duathlons,3
dustheap,3
dustheaps,3
dysarthria,3
dysarthrias,3
dysrhythmia,3
dysrhythmias,3
dysrhythmic,3
dysthymia,3
dysthymias,3
dysthymic,3
dysthymics,3
earth,1
earthborn,3
earthbound,2
earthed,3
earthen,2
earthenware,2
earthenwares,3
earthier,3
earthiest,3
earthily,3
earthiness,3
earthinesses,3
earthing,3
earthlier,3
earthliest,3
earthlight,3
earthlights,3
earthlike,3
earthliness,3
earthlinesses,3
earthling,3
earthlings,2
earthly,2
earthman,3
earthmen,3
earthmover,3
earthmovers,3
earthmoving,3
earthmovings,3
earthnut,3
earthnuts,3
earthpea,3
earthpeas,3
earthquake,2
earthquakes,2
earthrise,3
earthrises,3
earths,2
earthset,3
earthsets,3
earthshaker,3
earthshakers,3
earthshaking,3
earthshakingly,3
earthshattering,3
earthshine,3
earthshines,3
earthstar,3
earthstars,3
earthward,3
earthwards,3
earthwork,3
earthworks,3
earthworm,2
earthworms,2
earthy,2
eath,3
ecthyma,3
ecthymata,3
ectotherm,3
ectothermic,3
ectotherms,3
eighteenth,2
eighteenths,3
eighth,2
eighthly,3
eighths,3
eightieth,3
eightieths,3
either,1
electrotherapy,3
electrothermal,3
eleventh,2
elevenths,3
empathetic,2
empathetically,3
empathic,2
empathically,3
empathies,3
empathise,3
empathised,3
empathises,3
empathising,3
empathize,2
empathized,3
empathizer,3
empathizers,3
empathizes,3
empathizing,3
empathy,2
encephalopathic,3
encephalopathy,3
endolithic,3
endothecia,3
endothecium,3
endothelia,3
endothelial,2
endothelioma,3
endotheliomas,3
endotheliomata,3
endothelium,3
endotherm,3
endothermic,3
endothermies,3
endotherms,3
endothermy,3
ensheath,3
ensheathe,3
ensheathed,3
ensheathes,3
ensheathing,3
ensheaths,3
enswathe,3
enswathed,3
enswathes,3
enswathing,3
enteropathies,3
enteropathy,3
enthalpies,3
enthalpy,3
enthetic,3
enthral,3
enthrall,3
enthralled,2
enthralling,3
enthrallment,3
enthrallments,3
enthralls,3
enthrals,3
enthrone,3
enthroned,3
enthronement,3
enthronements,3
enthrones,3
enthroning,3
enthuse,3
enthused,2
enthuses,3
enthusiasm,2
enthusiasms,3
enthusiast,2
enthusiastic,2
enthusiasts,2
enthusing,3
enthymeme,3
enthymemes,3
enwreathe,3
enwreathed,3
enwreathes,3
enwreathing,3
eolith,3
eolithic,3
eoliths,3
epentheses,3
epenthesis,3
epenthetic,3
epicanthi,3
epicanthus,3
epithalamia,3
epithalamic,3
epithalamion,3
epithalamium,3
epithalamiums,3
epithelia,3
epithelial,2
epithelialize,3
epithelialized,3
epithelializes,3
epithelializing,3
epithelioid,3
epithelioma,3
epitheliomas,3
epitheliomata,3
epitheliomatous,3
epithelium,2
epitheliums,3
epithelization,3
epithelizations,3
epithelize,3
epithelized,3
epithelizes,3
epithelizing,3
epithet,2
epithetic,3
epithetical,3
epithets,2
erethic,3
erethism,3
erethisms,3
erethitic,3
erythema,3
erythemas,3
erythematous,3
erythemic,3
erythorbate,3
erythorbates,3
erythremia,3
erythremias,3
erythrism,3
erythrismal,3
erythrisms,3
erythristic,3
erythrite,3
erythrites,3
erythroblast,3
erythroblastic,3
erythroblasts,3
erythrocyte,3
erythrocytes,3
erythrocytic,3
erythroid,3
erythromycin,3
erythromycins,3
erythron,3
erythrons,3
erythropoieses,3
erythropoiesis,3
erythropoietic,3
erythropoietin,3
erythropoietins,3
erythrosin,3
erythrosine,3
erythrosines,3
erythrosins,3
estheses,3
esthesia,3
esthesias,3
esthesis,3
esthesises,3
esthete,3
esthetes,3
esthetic,2
esthetical,3
esthetically,3
esthetician,3
estheticians,3
estheticism,3
estheticisms,3
estheticize,3
estheticized,3
estheticizes,3
estheticizing,3
esthetics,3
ethambutol,3
ethambutols,3
ethanal,3
ethanals,3
ethane,3
ethanediol,3
ethanediols,3
ethanes,3
ethanol,2
ethanolamine,3
ethanolamines,3
ethanols,3
ethene,3
ethenes,3
ethephon,3
ethephons,3
ether,2
ethereal,2
etherealities,3
ethereality,3
etherealization,3
etherealize,3
etherealized,3
etherealizes,3
etherealizing,3
ethereally,3
etherealness,3
etherealnesses,3
etheric,3
etherified,3
etherifies,3
etherify,3
etherifying,3
etherise,3
etherised,3
etherises,3
etherish,3
etherising,3
etherization,3
etherizations,3
etherize,3
etherized,3
etherizer,3
etherizers,3
etherizes,3
etherizing,3
ethers,3
ethic,2
ethical,1
ethicalities,3
ethicality,3
ethically,2
ethicalness,3
ethicalnesses,3
ethicals,3
ethician,3
ethicians,3
ethicist,2
ethicists,2
ethicize,3
ethicized,3
ethicizes,3
ethicizing,3
ethics,1
ethinyl,3
ethinyls,3
ethion,3
ethionamid,3
ethionamide,3
ethionamides,3
ethionamids,3
ethionine,3
ethionines,3
ethions,3
ethmoid,3
ethmoidal,3
ethmoids,3
ethnarch,3
ethnarchies,3
ethnarchs,3
ethnarchy,3
ethnic,1
ethnical,3
ethnically,2
ethnicities,2
ethnicity,2
ethnics,3
ethnobiological,3
ethnobiologies,3
ethnobiologist,3
ethnobiologists,3
ethnobiology,3
ethnobotanical,3
ethnobotanies,3
ethnobotanist,3
ethnobotanists,3
ethnobotany,3
ethnocentric,3
ethnocentricity,3
ethnocentrism,3
ethnocentrisms,3
ethnocide,3
ethnocides,3
ethnographer,2
ethnographers,2
ethnographic,2
ethnographical,3
ethnographies,3
ethnography,2
ethnohistorian,3
ethnohistorians,3
ethnohistoric,3
ethnohistorical,3
ethnohistories,3
ethnohistory,3
ethnologic,3
ethnological,3
ethnologies,3
ethnologist,3
ethnologists,3
ethnology,3
ethnomedical,3
ethnomedicine,3
ethnomedicines,3
ethnomusicology,3
ethnonym,3
ethnonyms,3
ethnos,3
ethnoscience,3
ethnosciences,3
ethnoses,3
ethogram,3
ethograms,3
ethological,3
ethologies,3
ethologist,3
ethologists,3
ethology,3
ethos,2
ethoses,3
ethoxies,3
ethoxy,3
ethoxyl,3
ethoxyls,3
eths,3
ethyl,2
ethylate,3
ethylated,3
ethylates,3
ethylating,3
ethylbenzene,3
ethylbenzenes,3
ethylene,2
ethylenes,3
ethylenic,3
ethylic,3
ethyls,3
ethyne,3
ethynes,3
ethynyl,3
ethynyls,3
eurhythmic,3
eurhythmics,3
eurhythmies,3
eurhythmy,3
eurybath,3
eurybathic,3
eurybaths,3
eurytherm,3
eurythermal,3
eurythermic,3
eurythermous,3
eurytherms,3
eurythmic,3
eurythmics,3
eurythmies,3
eurythmy,3
euthanasia,2
euthanasias,3
euthanasic,3
euthanatize,3
euthanatized,3
euthanatizes,3
euthanatizing,3
euthanize,3
euthanized,2
euthanizes,3
euthanizing,3
euthenics,3
euthenist,3
euthenists,3
eutherian,3
eutherians,3
euthyroid,3
euthyroids,3
everything,1
exanthem,3
exanthema,3
exanthemas,3
exanthemata,3
exanthematic,3
exanthematous,3
exanthems,3
exoerythrocytic,3
exophthalmic,3
exophthalmos,3
exophthalmoses,3
exophthalmus,3
exophthalmuses,3
exothermal,3
exothermally,3
exothermic,3
exothermically,3
exothermicities,3
exothermicity,3
eyeteeth,3
eyetooth,3
facecloth,3
facecloths,3
fainthearted,3
faintheartedly,3
faith,1
faithed,3
faithful,2
faithfully,2
faithfulness,2
faithfulnesses,3
faithfuls,3
faithing,3
faithless,2
faithlessly,3
faithlessness,3
faithlessnesses,3
faiths,2
farther,1
farthermost,3
farthest,2
farthing,3
farthingale,3
farthingales,3
farthings,3
fathead,3
fatheaded,3
fatheadedly,3
fatheadedness,3
fatheadednesses,3
fatheads,3
father,1
fathered,2
fatherhood,2
fatherhoods,3
fathering,3
fatherings,3
fatherland,2
fatherlands,3
fatherless,2
fatherlike,3
fatherliness,3
fatherlinesses,3
fatherly,2
fathers,1
fathom,2
fathomable,3
fathomed,3
fathomer,3
fathomers,3
fathoming,3
fathomless,3
fathomlessly,3
fathomlessness,3
fathoms,3
feather,2
featherbed,3
featherbedded,3
featherbedding,3
featherbeddings,3
featherbeds,3
featherbrain,3
featherbrained,3
featherbrains,3
feathered,2
featheredge,3
featheredged,3
featheredges,3
featheredging,3
featherhead,3
featherheaded,3
featherheads,3
featherier,3
featheriest,3
feathering,3
featherings,3
featherless,3
featherlight,3
feathers,2
featherstitch,3
featherstitched,3
featherstitches,3
featherweight,2
featherweights,3
feathery,2
feldspathic,3
fenthion,3
fenthions,3
fifteenth,2
fifteenths,3
fifth,1
fifthly,3
fifths,3
fiftieth,2
fiftieths,3
filth,2
filthier,3
filthiest,3
filthily,3
filthiness,3
filthinesses,3
filths,3
filthy,2
firethorn,3
firethorns,3
firsthand,2
firth,2
firths,3
flamethrower,3
flamethrowers,3
flannelmouthed,3
flathead,2
flatheads,3
flinthead,3
flintheads,3
floathouse,3
floathouses,3
floorcloth,3
floorcloths,3
footbath,3
footbaths,3
footcloth,3
footcloths,3
foothill,3
foothills,2
foothold,2
footholds,3
footpath,2
footpaths,3
forefather,3
forefathers,2
foregather,3
foregathered,3
foregathering,3
foregathers,3
foremother,3
foremothers,3
foreteeth,3
forethought,2
forethoughtful,3
forethoughts,3
foretooth,3
forgather,3
forgathered,3
forgathering,3
forgathers,3
forsooth,3
forsythia,3
forsythias,3
forth,1
forthcoming,2
forthright,2
forthrightly,3
forthrightness,3
forthrights,3
forthwith,2
fortieth,3
fortieths,3
foulmouthed,3
fourteenth,2
fourteenths,3
fourth,1
fourthly,3
fourths,3
freethinker,3
freethinkers,3
freethinking,3
freethinkings,3
frith,3
friths,3
frogmouth,3
frogmouths,3
froth,2
frothed,3
frother,3
frothers,3
frothier,3
frothiest,3
frothily,3
frothiness,3
frothinesses,3
frothing,2
frothings,3
froths,3
frothy,2
fucoxanthin,3
fucoxanthins,3
fullmouthed,3
further,1
furtherance,2
furtherances,3
furthered,2
furtherer,3
furtherers,3
furthering,2
furthermore,1
furthermost,3
furthers,2
furthest,2
futharc,3
futharcs,3
futhark,3
futharks,3
futhorc,3
futhorcs,3
futhork,3
futhorks,3
garth,2
garths,3
gasthaus,3
gasthauser,3
gasthauses,3
gastrolith,3
gastroliths,3
gather,1
gathered,1
gatherer,3
gatherers,3
gathering,1
gatherings,2
gathers,2
gayfeather,3
gayfeathers,3
gazillionth,3
geothermal,2
geothermally,3
gilthead,3
giltheads,3
girth,2
girthed,3
girthing,3
girths,3
glidepath,3
glidepaths,3
glutathione,2
glutathiones,3
glutethimide,3
glutethimides,3
gnathal,3
gnathic,3
gnathion,3
gnathions,3
gnathite,3
gnathites,3
gnathonic,3
goalmouth,3
goalmouths,3
goatherd,3
goatherds,3
godfather,2
godfathered,3
godfathering,3
godfathers,3
godmother,2
godmothered,3
godmothering,3
godmothers,3
goeth,2
goethite,3
goethites,3
goldsmith,2
goldsmiths,3
goldthread,3
goldthreads,3
golgotha,3
golgothas,3
goliath,2
goliaths,3
goth,2
gothic,2
gothically,3
gothicism,3
gothicisms,3
gothicize,3
gothicized,3
gothicizes,3
gothicizing,3
gothics,3
gothite,3
gothites,3
goths,3
grandfather,1
grandfathered,2
grandfathering,3
grandfatherly,3
grandfathers,2
grandmother,1
grandmotherly,3
grandmothers,2
grandparenthood,3
granolith,3
granolithic,3
granoliths,3
grasscloth,3
grasscloths,3
greathearted,3
greatheartedly,3
greenth,3
greenths,3
grith,3
griths,3
groupthink,3
groupthinks,3
growth,1
growthier,3
growthiest,3
growthiness,3
growthinesses,3
growths,2
growthy,3
guanethidine,3
guanethidines,3
guesthouse,2
guesthouses,3
gunsmith,3
gunsmithing,3
gunsmithings,3
gunsmiths,3
hadith,2
hadiths,3
haftaroth,3
haftoroth,3
haggadoth,3
hairbreadth,3
hairbreadths,3
haircloth,3
haircloths,3
hairsbreadth,3
hairsbreadths,3
halachoth,3
halakhoth,3
halakoth,3
halloth,3
halothane,3
halothanes,3
handbreadth,3
handbreadths,3
handsbreadth,3
handsbreadths,3
haphtaroth,3
hardmouthed,3
hath,2
hawkmoth,3
hawkmoths,3
hawthorn,2
hawthorns,3
hawthorny,3
headcloth,3
headcloths,3
health,1
healthful,2
healthfully,3
healthfulness,3
healthfulnesses,3
healthier,2
healthiest,2
healthily,3
healthiness,3
healthinesses,3
healths,3
healthy,1
hearth,2
hearthrug,3
hearthrugs,3
hearths,3
hearthstone,3
hearthstones,3
heartthrob,2
heartthrobs,3
heath,2
heathbird,3
heathbirds,3
heathen,2
heathendom,3
heathendoms,3
heathenish,3
heathenishly,3
heathenism,3
heathenisms,3
heathenize,3
heathenized,3
heathenizes,3
heathenizing,3
heathenries,3
heathenry,3
heathens,2
heather,2
heathered,3
heatherier,3
heatheriest,3
heathers,3
heathery,3
heathier,3
heathiest,3
heathland,3
heathlands,3
heathless,3
heathlike,3
heaths,3
heathy,3
heighth,3
heighths,3
helianthus,3
helianthuses,3
hellbroth,3
hellbroths,3
helminth,3
helminthiases,3
helminthiasis,3
helminthic,3
helminthologies,3
helminthology,3
helminths,3
hemerythrin,3
hemerythrins,3
henceforth,2
henotheism,3
henotheisms,3
henotheist,3
henotheistic,3
henotheists,3
heptathlete,3
heptathletes,3
heptathlon,3
heptathlons,3
herewith,3
heterothallic,3
heterothallism,3
heterothallisms,3
heth,3
heths,3
hexachlorethane,3
hexamethonium,3
hexamethoniums,3
highth,3
highths,3
histopathologic,3
histopathology,3
hither,2
hithermost,3
hitherto,2
hitherward,3
holothurian,3
holothurians,3
homeopath,3
homeopathic,2
homeopathically,3
homeopathies,3
homeopaths,3
homeopathy,2
homeotherm,3
homeothermic,3
homeothermies,3
homeotherms,3
homeothermy,3
homoeopath,3
homoeopathic,3
homoeopathies,3
homoeopaths,3
homoeopathy,3
homoiotherm,3
homoiothermic,3
homoiothermies,3
homoiotherms,3
homoiothermy,3
homothallic,3
homothallism,3
homothallisms,3
horsefeathers,3
hothead,3
hotheaded,3
hotheadedly,3
hotheadedness,3
hotheadednesses,3
hotheads,3
hothouse,2
hothoused,3
hothouses,3
hothousing,3
houndstooth,3
houndstooths,3
housefather,3
housefathers,3
housemother,3
housemothers,3
hundredth,2
hundredths,3
hyacinth,3
hyacinthine,3
hyacinths,3
hydathode,3
hydathodes,3
hydranth,3
hydranths,3
hydropath,3
hydropathic,3
hydropathies,3
hydropaths,3
hydropathy,3
hydrotherapies,3
hydrotherapy,3
hydrothermal,2
hydrothermally,3
hydrothoraces,3
hydrothorax,3
hydrothoraxes,3
hypaethral,3
hypanthia,3
hypanthium,3
hyperaesthesia,3
hyperaesthesias,3
hyperaesthetic,3
hyperesthesia,3
hyperesthesias,3
hyperesthetic,3
hypersthene,3
hypersthenes,3
hypersthenic,3
hyperthermia,3
hyperthermias,3
hyperthermic,3
hyperthyroid,3
hyperthyroidism,3
hypethral,3
hypnotherapies,3
hypnotherapist,3
hypnotherapists,3
hypnotherapy,3
hypothalami,3
hypothalamic,3
hypothalamus,2
hypothec,3
hypothecate,3
hypothecated,3
hypothecates,3
hypothecating,3
hypothecation,3
hypothecations,3
hypothecator,3
hypothecators,3
hypothecs,3
hypothenuse,3
hypothenuses,3
hypothermal,3
hypothermia,2
hypothermias,3
hypothermic,3
hypotheses,2
hypothesis,2
hypothesise,3
hypothesised,3
hypothesises,3
hypothesising,3
hypothesize,2
hypothesized,2
hypothesizes,3
hypothesizing,3
hypothetical,2
hypothetically,2
hypothyroid,3
hypothyroidism,2
hypothyroidisms,3
hypoxanthine,3
hypoxanthines,3
ichthyic,3
ichthyofauna,3
ichthyofaunae,3
ichthyofaunal,3
ichthyofaunas,3
ichthyoid,3
ichthyoids,3
ichthyological,3
ichthyologies,3
ichthyologist,3
ichthyologists,3
ichthyology,3
ichthyophagous,3
ichthyosaur,3
ichthyosaurian,3
ichthyosaurians,3
ichthyosaurs,3
idiopathic,2
idiopathically,3
idiopathies,3
idiopathy,3
immethodical,3
immethodically,3
immunopathology,3
immunotherapies,3
immunotherapy,2
imposthume,3
imposthumes,3
inauthentic,2
inauthenticity,3
inbreathe,3
inbreathed,3
inbreathes,3
inbreathing,3
indomethacin,3
indomethacins,3
inearth,3
inearthed,3
inearthing,3
inearths,3
ingather,3
ingathered,3
ingathering,3
ingatherings,3
ingathers,3
ingrowth,3
ingrowths,3
insheath,3
insheathe,3
insheathed,3
insheathes,3
insheathing,3
insheaths,3
inswathe,3
inswathed,3
inswathes,3
inswathing,3
interethnic,3
interethnics,3
interfaith,2
intergrowth,3
intergrowths,3
inthral,3
inthrall,3
inthralled,3
inthralling,3
inthralls,3
inthrals,3
inthrone,3
inthroned,3
inthrones,3
inthroning,3
intrathecal,3
intrathecally,3
intrathoracic,3
ironsmith,3
ironsmiths,3
isarithm,3
isarithms,3
isobath,3
isobathic,3
isobaths,3
isopleth,3
isoplethic,3
isopleths,3
isotheral,3
isothere,3
isotheres,3
isotherm,3
isothermal,3
isothermally,3
isotherms,3
isothiocyanate,3
isothiocyanates,3
isthmi,3
isthmian,3
isthmians,3
isthmic,3
isthmoid,3
isthmus,2
isthmuses,3
ither,3
ithyphallic,3
jacinth,3
jacinthe,3
jacinthes,3
jacinths,3
jillionth,3
jobsworth,3
jobsworths,3
kashruth,3
kashruths,3
katharses,3
katharsis,3
kathodal,3
kathode,3
kathodes,3
kathodic,3
kathump,3
kathumps,3
kheth,3
kheths,3
kinestheses,3
kinesthesia,3
kinesthesias,3
kinesthesis,3
kinesthetic,2
kinesthetically,3
kith,3
kithara,3
kitharas,3
kithe,3
kithed,3
kithes,3
kithing,3
kiths,3
knighthood,3
knighthoods,3
knothead,3
knotheaded,3
knotheads,3
knothole,3
knotholes,3
kryolith,3
kryoliths,3
kythe,3
kythed,3
kythes,3
kything,3
labyrinth,2
labyrinthian,3
labyrinthine,2
labyrinthodont,3
labyrinthodonts,3
labyrinths,3
laccolith,3
laccolithic,3
laccoliths,3
laith,3
laithly,3
lanthanide,3
lanthanides,3
lanthanoid,3
lanthanoids,3
lanthanon,3
lanthanons,3
lanthanum,3
lanthanums,3
lanthorn,3
lanthorns,3
largemouth,2
largemouths,3
lath,3
lathe,2
lathed,3
lather,2
lathered,3
latherer,3
latherers,3
lathering,3
lathers,3
lathery,3
lathes,3
lathi,3
lathier,3
lathiest,3
lathing,3
lathings,3
lathis,3
laths,3
lathwork,3
lathworks,3
lathy,3
lathyrism,3
lathyrisms,3
lathyritic,3
leather,1
leatherback,3
leatherbacks,3
leathered,3
leatherette,3
leatherettes,3
leatherier,3
leatheriest,3
leathering,3
leatherings,3
leatherleaf,3
leatherleafs,3
leatherleaves,3
leatherlike,3
leatherman,3
leathermen,3
leathern,3
leatherneck,3
leathernecks,3
leathers,3
leatherwood,3
leatherwoods,3
leatherwork,3
leatherworks,3
leathery,2
lecithin,3
lecithinase,3
lecithinases,3
lecithins,3
lecythi,3
lecythis,3
lecythus,3
lekythi,3
lekythoi,3
lekythos,3
lekythus,3
length,1
lengthen,2
lengthened,2
lengthener,3
lengtheners,3
lengthening,2
lengthens,3
lengthier,3
lengthiest,3
lengthily,3
lengthiness,3
lengthinesses,3
lengths,2
lengthways,3
lengthwise,2
lengthy,2
lethal,2
lethalities,3
lethality,3
lethally,3
lethals,3
lethargic,2
lethargically,3
lethargies,3
lethargy,2
lethe,3
lethean,3
lethes,3
leviathan,2
leviathans,3
lighthearted,2
lightheartedly,3
lighthouse,2
lighthouses,3
liroth,3
lisianthus,3
lisianthuses,3
litharge,3
litharges,3
lithe,2
lithely,3
lithemia,3
lithemias,3
lithemic,3
litheness,3
lithenesses,3
lither,3
lithesome,3
lithest,3
lithia,3
lithias,3
lithiases,3
lithiasis,3
lithic,3
lithification,3
lithifications,3
lithified,3
lithifies,3
lithify,3
lithifying,3
lithium,2
lithiums,3
litho,3
lithoed,3
lithoes,3
lithograph,2
lithographed,3
lithographer,3
lithographers,3
lithographic,3
lithographies,3
lithographing,3
lithographs,3
lithography,2
lithoid,3
lithoidal,3
lithoing,3
lithologic,3
lithological,3
lithologically,3
lithologies,3
lithology,3
lithophane,3
lithophanes,3
lithophyte,3
lithophytes,3
lithophytic,3
lithopone,3
lithopones,3
lithops,3
lithos,3
lithosol,3
lithosols,3
lithosphere,3
lithospheres,3
lithospheric,3
lithotomies,3
lithotomy,3
lithotripsies,3
lithotripsy,3
lithotripter,3
lithotripters,3
lithotriptor,3
lithotriptors,3
loath,2
loathe,2
loathed,2
loather,3
loathers,3
loathes,3
loathful,3
loathing,2
loathings,3
loathly,3
loathness,3
loathnesses,3
loathsome,2
loathsomely,3
loathsomeness,3
loathsomenesses,3
locksmith,2
locksmithing,3
locksmithings,3
locksmiths,3
logarithm,3
logarithmic,2
logarithmically,3
logarithms,3
loincloth,3
loincloths,3
longcloth,3
longcloths,3
loth,3
lothario,3
lotharios,3
lothsome,3
loudmouth,3
loudmouthed,3
loudmouths,3
luthern,3
lutherns,3
luthier,3
luthiers,3
lycanthropic,3
lycanthropies,3
lycanthropy,3
lymphadenopathy,3
lysolecithin,3
lysolecithins,3
lythrum,3
lythrums,3
malathion,3
malathions,3
maltha,3
malthas,3
mammoth,2
mammoths,2
maranatha,3
maranathas,3
marathon,2
marathoner,3
marathoners,3
marathoning,3
marathonings,3
marathons,2
masthead,3
mastheaded,3
mastheading,3
mastheads,3
math,1
mathematic,3
mathematical,2
mathematically,2
mathematician,2
mathematicians,2
mathematics,1
mathematization,3
mathematize,3
mathematized,3
mathematizes,3
mathematizing,3
maths,2
matzoth,3
mealymouthed,3
meathead,3
meatheads,3
meathook,3
meathooks,3
megadeath,3
megadeaths,3
megalith,3
megalithic,3
megaliths,3
megathere,3
megatheres,3
menthene,3
menthenes,3
menthol,3
mentholated,3
menthols,3
merrythought,3
merrythoughts,3
meseemeth,3
mesolithic,3
mesolithics,3
mesothelia,3
mesothelial,3
mesothelioma,3
mesotheliomas,3
mesotheliomata,3
mesothelium,3
mesothoraces,3
mesothoracic,3
mesothorax,3
mesothoraxes,3
metaethical,3
metaethics,3
metalsmith,3
metalsmiths,3
metamathematics,3
metatheses,3
metathesis,3
metathetic,3
metathetical,3
metathetically,3
metathoraces,3
metathoracic,3
metathorax,3
metathoraxes,3
meth,2
methacrylate,3
methacrylates,3
methadon,3
methadone,2
methadones,3
methadons,3
methamphetamine,2
methanal,3
methanals,3
methanation,3
methanations,3
methane,2
methanes,3
methanol,2
methanols,3
methaqualone,3
methaqualones,3
methedrine,3
methedrines,3
metheglin,3
metheglins,3
methemoglobin,3
methemoglobins,3
methenamine,3
methenamines,3
methicillin,3
methicillins,3
methinks,2
methionine,3
methionines,3
method,1
methodic,3
methodical,2
methodically,2
methodicalness,3
methodise,3
methodised,3
methodises,3
methodising,3
methodism,3
methodisms,3
methodist,2
methodistic,3
methodists,2
methodize,3
methodized,3
methodizes,3
methodizing,3
methodological,2
methodologies,2
methodologist,3
methodologists,3
methodology,2
methods,1
methotrexate,3
methotrexates,3
methought,3
methoxide,3
methoxides,3
methoxy,3
methoxychlor,3
methoxychlors,3
methoxyflurane,3
methoxyfluranes,3
methoxyl,3
meths,3
methuselah,3
methuselahs,3
methyl,2
methylal,3
methylals,3
methylamine,3
methylamines,3
methylase,3
methylases,3
methylate,3
methylated,3
methylates,3
methylating,3
methylation,2
methylations,3
methylator,3
methylators,3
methylcellulose,3
methyldopa,3
methyldopas,3
methylene,3
methylenes,3
methylic,3
methylmercuries,3
methylmercury,3
methylphenidate,3
methyls,3
methylxanthine,3
methylxanthines,3
methysergide,3
methysergides,3
mezuzoth,3
microearthquake,3
microlith,3
microlithic,3
microliths,3
micromethod,3
micromethods,3
midmonth,3
midmonths,3
midrashoth,3
mikvoth,3
millionth,2
millionths,3
mirth,2
mirthful,3
mirthfully,3
mirthfulness,3
mirthfulnesses,3
mirthless,3
mirthlessly,3
mirths,3
misanthrope,3
misanthropes,3
misanthropic,3
misanthropies,3
misanthropy,3
misfaith,3
misfaiths,3
misthink,3
misthinking,3
misthinks,3
misthought,3
misthrew,3
misthrow,3
misthrowing,3
misthrown,3
misthrows,3
mistruth,3
mistruths,3
mither,3
mithers,3
mithridate,3
mithridates,3
mitsvoth,3
mitzvoth,3
monolith,2
monolithic,2
monolithically,3
monoliths,3
monophthong,3
monophthongal,3
monophthongize,3
monophthongized,3
monophthongizes,3
monophthongs,3
monotheism,2
monotheisms,3
monotheist,3
monotheistic,2
monotheistical,3
monotheists,3
monteith,3
monteiths,3
month,1
monthlies,3
monthlong,3
monthly,1
months,1
moth,2
mothball,3
mothballed,3
mothballing,3
mothballs,3
mother,1
motherboard,2
motherboards,3
mothered,3
motherfucker,2
motherfuckers,2
motherfucking,3
motherhood,2
motherhoods,3
motherhouse,3
motherhouses,3
mothering,2
motherings,3
motherland,2
motherlands,3
motherless,2
motherlessness,3
motherlike,3
motherliness,3
motherlinesses,3
motherlode,3
motherlodes,3
motherly,2
mothers,1
mothery,3
mothier,3
mothiest,3
mothlike,3
mothproof,3
mothproofed,3
mothproofer,3
mothproofers,3
mothproofing,3
mothproofs,3
moths,2
mothy,3
motormouth,3
motormouthed,3
motormouths,3
mouth,1
mouthbreeder,3
mouthbreeders,3
mouthed,2
mouther,3
mouthers,3
mouthfeel,3
mouthfeels,3
mouthful,2
mouthfuls,3
mouthguard,3
mouthguards,3
mouthier,3
mouthiest,3
mouthily,3
mouthing,2
mouthless,3
mouthlike,3
mouthpart,3
mouthparts,3
mouthpiece,2
mouthpieces,3
mouths,2
mouthwash,2
mouthwashes,3
mouthwatering,3
mouthwateringly,3
mouthy,3
multiauthor,3
multiauthored,3
multiauthors,3
multiethnic,2
multiethnicity,3
multiethnics,3
multipath,3
multiwavelength,3
murther,3
murthered,3
murthering,3
murthers,3
musth,3
musths,3
mutha,3
muthas,3
myasthenia,3
myasthenias,3
myasthenic,3
myasthenics,3
myelopathic,3
myelopathies,3
myelopathy,3
myopathic,3
myopathies,3
myopathy,3
myth,1
mythic,2
mythical,2
mythically,3
mythicise,3
mythicised,3
mythicises,3
mythicising,3
mythicize,3
mythicized,3
mythicizer,3
mythicizers,3
mythicizes,3
mythicizing,3
mythier,3
mythiest,3
mythmaker,3
mythmakers,3
mythmaking,3
mythmakings,3
mythographer,3
mythographers,3
mythographies,3
mythography,3
mythoi,3
mythologer,3
mythologers,3
mythologic,3
mythological,2
mythologically,3
mythologies,2
mythologise,3
mythologised,3
mythologises,3
mythologising,3
mythologist,3
mythologists,3
mythologize,3
mythologized,3
mythologizer,3
mythologizers,3
mythologizes,3
mythologizing,3
mythology,2
mythomania,3
mythomaniac,3
mythomaniacs,3
mythomanias,3
mythopeic,3
mythopoeia,3
mythopoeias,3
mythopoeic,3
mythopoetic,3
mythopoetical,3
mythos,2
myths,2
mythy,3
naething,3
naethings,3
naphtha,3
naphthalene,3
naphthalenes,3
naphthalic,3
naphthas,3
naphthene,3
naphthenes,3
naphthenic,3
naphthol,3
naphthols,3
naphthous,3
naphthyl,3
naphthylamine,3
naphthylamines,3
naphthyls,3
naprapathies,3
naprapathy,3
narthex,3
narthexes,3
natheless,3
nathless,3
naturopath,3
naturopathic,3
naturopathies,3
naturopaths,3
naturopathy,3
neath,3
neatherd,3
neatherds,3
neckcloth,3
neckcloths,3
neither,1
neolith,3
neolithic,2
neolithics,3
neoliths,3
neoorthodox,3
neoorthodoxies,3
neoorthodoxy,3
nepenthe,3
nepenthean,3
nepenthes,3
nephropathic,3
nephropathies,3
nephropathy,3
nether,2
nethermost,3
netherworld,3
netherworlds,3
neurasthenia,3
neurasthenias,3
neurasthenic,3
neurasthenics,3
neuropath,3
neuropathic,3
neuropathically,3
neuropathies,3
neuropathologic,3
neuropathology,3
neuropaths,3
neuropathy,2
nevertheless,1
newsworthier,3
newsworthiest,3
newsworthiness,3
newsworthy,2
nightclothes,3
nighthawk,3
nighthawks,3
nineteenth,2
nineteenths,3
ninetieth,3
ninetieths,3
ninth,2
ninthly,3
ninths,3
nitromethane,3
nitromethanes,3
nomothetic,3
nonaesthetic,3
nonaesthetics,3
nonathlete,3
nonathletes,3
nonathletic,3
nonathletics,3
nonauthor,3
nonauthors,3
nonbreathing,3
nonetheless,1
nonethical,3
nonethnic,3
nonethnics,3
nongrowth,3
nongrowths,3
nonlethal,3
nonmathematical,3
nonorthodox,3
nonorthodoxes,3
nonpathogenic,3
nontheatrical,3
nontheatricals,3
nontheism,3
nontheisms,3
nontheist,3
nontheistic,3
nontheistically,3
nontheists,3
nontheological,3
nontheoretical,3
nontherapeutic,3
nonthermal,3
nonthermals,3
nonthinking,3
nonthreatening,3
nontruth,3
nontruths,3
norethindrone,3
norethindrones,3
normothermia,3
normothermias,3
normothermic,3
north,1
northbound,2
northeast,2
northeaster,3
northeasterly,3
northeastern,2
northeasterner,3
northeasterners,3
northeasters,3
northeasts,3
northeastward,3
northeastwards,3
norther,3
northerlies,3
northerly,2
northern,1
northerner,3
northerners,2
northernmost,2
northerns,3
northers,3
northing,3
northings,3
northland,3
northlands,3
northmost,3
norths,3
northward,2
northwards,3
northwest,2
northwester,3
northwesterly,3
northwestern,2
northwesterner,3
northwesterners,3
northwesters,3
northwests,3
northwestward,3
northwestwards,3
noteworthier,3
noteworthiest,3
noteworthily,3
noteworthiness,3
noteworthy,2
nother,2
nothing,1
nothingness,2
nothingnesses,3
nothings,2
notwithstanding,2
nowhither,3
nucleosyntheses,3
nucleosynthesis,3
nucleosynthetic,3
nuthatch,3
nuthatches,3
nuthin,3
nuthouse,3
nuthouses,3
oasthouse,3
oasthouses,3
oath,2
oaths,2
octothorp,3
octothorpe,3
octothorpes,3
octothorps,3
oilcloth,3
oilcloths,3
oolith,3
ooliths,3
ootheca,3
oothecae,3
oothecal,3
openmouthed,3
openmouthedly,3
openmouthedness,3
ophthalmia,3
ophthalmias,3
ophthalmic,3
ophthalmologic,3
ophthalmologies,3
ophthalmologist,2
ophthalmology,3
ophthalmoscope,3
ophthalmoscopes,3
ophthalmoscopic,3
ophthalmoscopy,3
opisthobranch,3
opisthobranchs,3
opsimath,3
opsimaths,3
ornithes,3
ornithic,3
ornithine,3
ornithines,3
ornithischian,3
ornithischians,3
ornithoid,3
ornithologic,3
ornithological,3
ornithologies,3
ornithologist,3
ornithologists,3
ornithology,3
ornithopod,3
ornithopods,3
ornithopter,3
ornithopters,3
ornithoses,3
ornithosis,3
orthicon,3
orthicons,3
ortho,3
orthocenter,3
orthocenters,3
orthochromatic,3
orthoclase,3
orthoclases,3
orthodontia,3
orthodontias,3
orthodontic,3
orthodontically,3
orthodontics,3
orthodontist,3
orthodontists,3
orthodox,2
orthodoxes,3
orthodoxies,3
orthodoxly,3
orthodoxy,2
orthoepic,3
orthoepically,3
orthoepies,3
orthoepist,3
orthoepists,3
orthoepy,3
orthogeneses,3
orthogenesis,3
orthogenetic,3
orthogonal,2
orthogonalities,3
orthogonality,3
orthogonalize,3
orthogonalized,3
orthogonalizes,3
orthogonalizing,3
orthogonally,3
orthograde,3
orthographic,2
orthographical,3
orthographies,3
orthography,3
orthomolecular,3
orthomyxovirus,3
orthonormal,3
orthopaedic,2
orthopaedics,3
orthopaedist,3
orthopaedists,3
orthopedic,2
orthopedically,3
orthopedics,3
orthopedist,3
orthopedists,3
orthophosphate,3
orthophosphates,3
orthopsychiatry,3
orthopter,3
orthoptera,3
orthopteran,3
orthopterans,3
orthopterist,3
orthopterists,3
orthopteroid,3
orthopteroids,3
orthopters,3
orthoptic,3
orthoptics,3
orthoptist,3
orthoptists,3
orthorhombic,3
orthoscopic,3
orthoses,3
orthosis,3
orthostatic,3
orthotic,3
orthotics,3
orthotist,3
orthotists,3
orthotropous,3
osteoarthritic,3
osteoarthritis,2
osteopath,3
osteopathic,3
osteopathically,3
osteopathies,3
osteopaths,3
osteopathy,3
other,1
othered,3
otherguess,3
othering,3
otherness,2
othernesses,3
others,1
otherwhere,3
otherwhile,3
otherwhiles,3
otherwise,1
otherworld,3
otherworldly,2
otherworlds,3
otolith,3
otolithic,3
otoliths,3
outgrowth,2
outgrowths,3
outhandle,3
outhandled,3
outhandles,3
outhandling,3
outharbor,3
outharbors,3
outharbour,3
outharbours,3
outhaul,3
outhauls,3
outhear,3
outheard,3
outhearing,3
outhears,3
outhit,3
outhits,3
outhitting,3
outhomer,3
outhomered,3
outhomering,3
outhomers,3
outhouse,2
outhouses,3
outhowl,3
outhowled,3
outhowling,3
outhowls,3
outhumor,3
outhumored,3
outhumoring,3
outhumors,3
outhunt,3
outhunted,3
outhunting,3
outhunts,3
outhustle,3
outhustled,3
outhustles,3
outhustling,3
outthank,3
outthanked,3
outthanking,3
outthanks,3
outthieve,3
outthieved,3
outthieves,3
outthieving,3
outthink,3
outthinking,3
outthinks,3
outthought,3
outthrew,3
outthrob,3
outthrobbed,3
outthrobbing,3
outthrobs,3
outthrow,3
outthrowing,3
outthrown,3
outthrows,3
outthrust,3
outthrusted,3
outthrusting,3
outthrusts,3
outwith,3
overbreathe,3
overbreathed,3
overbreathes,3
overbreathing,3
overbreathings,3
overenthusiasm,3
overenthusiasms,3
overgrowth,3
overgrowths,3
overlength,3
overlengthen,3
overlengthened,3
overlengthening,3
overlengthens,3
overlengths,3
overthick,3
overthin,3
overthink,3
overthinker,3
overthinkers,3
overthinking,3
overthinks,3
overthinned,3
overthinning,3
overthins,3
overthought,3
overthrew,2
overthrow,2
overthrowing,2
overthrown,2
overthrows,3
overthrust,3
overthrusts,3
overwithheld,3
overwithhold,3
overwithholding,3
overwithholds,3
packthread,3
packthreads,3
palaeolithic,3
paleolith,3
paleolithic,2
paleoliths,3
paleopathology,3
pantheism,3
pantheisms,3
pantheist,3
pantheistic,3
pantheistical,3
pantheistically,3
pantheists,3
pantheon,2
pantheons,3
panther,2
panthers,2
pantothenate,3
pantothenates,3
paraesthesia,3
paraesthesias,3
parashioth,3
parashoth,3
parasympathetic,3
parasyntheses,3
parasynthesis,3
parasynthetic,3
paratha,3
parathas,3
parathion,3
parathions,3
parathormone,3
parathormones,3
parathyroid,3
parathyroids,3
parentheses,2
parenthesis,2
parenthesize,3
parenthesized,3
parenthesizes,3
parenthesizing,3
parenthetic,3
parenthetical,3
parenthetically,3
parenthood,2
parenthoods,3
paresthesia,3
paresthesias,3
paresthetic,3
parthenocarpic,3
parthenocarpies,3
parthenocarpy,3
parthenogeneses,3
parthenogenesis,3
parthenogenetic,3
parthenogenic,3
path,1
pathbreaking,3
pathetic,2
pathetical,3
pathetically,2
pathfinder,2
pathfinders,3
pathfinding,3
pathfindings,3
pathless,3
pathlessness,3
pathlessnesses,3
pathname,3
pathnames,3
pathobiologies,3
pathobiology,3
pathogen,2
pathogene,3
pathogenes,3
pathogeneses,3
pathogenesis,2
pathogenetic,3
pathogenic,2
pathogenicities,3
pathogenicity,3
pathogenies,3
pathogens,2
pathogeny,3
pathognomonic,3
pathographies,3
pathography,3
pathologic,2
pathological,2
pathologically,3
pathologies,2
pathologist,2
pathologists,2
pathologize,3
pathologized,3
pathologizes,3
pathologizing,3
pathology,2
pathophysiology,3
pathos,2
pathoses,3
paths,2
pathway,2
pathways,2
pedorthic,3
pedorthics,3
pedorthist,3
pedorthists,3
pennyworth,3
pennyworths,3
pentathlete,3
pentathletes,3
pentathlon,3
pentathlons,3
penthouse,2
penthouses,3
perianth,3
perianths,3
perithecia,3
perithecial,3
perithecium,3
permethrin,3
permethrins,3
pesthole,3
pestholes,3
pesthouse,3
pesthouses,3
pethidine,3
pethidines,3
pharmacotherapy,3
phenanthrene,3
phenanthrenes,3
phenethylamine,3
phenethylamines,3
phenolphthalein,3
phenothiazine,3
phenothiazines,3
phenylthiourea,3
phenylthioureas,3
philanthropic,2
philanthropical,3
philanthropies,3
philanthropist,2
philanthropists,2
philanthropoid,3
philanthropoids,3
philanthropy,2
phonathon,3
phonathons,3
phonestheme,3
phonesthemes,3
phonesthemic,3
photocathode,3
photocathodes,3
photolithograph,3
photosynthate,3
photosynthates,3
photosyntheses,3
photosynthesis,2
photosynthesize,3
photosynthetic,2
phototherapies,3
phototherapy,3
phthalate,2
phthalates,3
phthalein,3
phthaleins,3
phthalic,3
phthalin,3
phthalins,3
phthalocyanine,3
phthalocyanines,3
phthises,3
phthisic,3
phthisical,3
phthisics,3
phthisis,3
phycoerythrin,3
phycoerythrins,3
physiopathology,3
physiotherapies,3
physiotherapist,3
physiotherapy,3
phytolith,3
phytoliths,3
phytopathogen,3
phytopathogenic,3
phytopathogens,3
phytopathology,3
pickthank,3
pickthanks,3
pilothouse,3
pilothouses,3
pinfeather,3
pinfeathers,3
pisolith,3
pisoliths,3
pith,2
pithead,3
pitheads,3
pithecanthropi,3
pithecanthropus,3
pithecoid,3
pithed,3
pithier,3
pithiest,3
pithily,3
pithiness,3
pithinesses,3
pithing,3
pithless,3
pithoi,3
pithos,3
piths,3
pithy,2
plainclothes,2
plainclothesman,3
plainclothesmen,3
platyhelminth,3
platyhelminthic,3
platyhelminths,3
plaything,3
playthings,3
pleather,3
pleathers,3
plethora,2
plethoras,3
plethoric,3
plethysmogram,3
plethysmograms,3
plethysmograph,3
plethysmographs,3
plethysmography,3
plinth,3
plinths,3
pneumothoraces,3
pneumothorax,3
pneumothoraxes,3
poikilotherm,3
poikilothermic,3
poikilotherms,3
polyantha,3
polyanthas,3
polyanthi,3
polyanthus,3
polyanthuses,3
polycythaemia,3
polycythaemias,3
polycythemia,3
polycythemias,3
polycythemic,3
polyethene,3
polyethenes,3
polyethylene,2
polyethylenes,3
polymath,3
polymathic,3
polymathies,3
polymaths,3
polymathy,3
polyrhythm,3
polyrhythmic,3
polyrhythms,3
polytheism,3
polytheisms,3
polytheist,3
polytheistic,3
polytheistical,3
polytheists,3
polythene,3
polythenes,3
polyurethane,2
polyurethanes,3
poormouth,3
poormouthed,3
poormouthing,3
poormouths,3
poortith,3
poortiths,3
porthole,2
portholes,3
postapartheid,3
postharvest,3
posthaste,3
posthastes,3
postheat,3
postheats,3
posthemorrhagic,3
posthole,3
postholes,3
postholiday,3
postholocaust,3
posthospital,3
posthumous,2
posthumously,2
posthumousness,3
posthypnotic,3
pothead,3
potheads,3
potheen,3
potheens,3
pother,3
potherb,3
potherbs,3
pothered,3
pothering,3
pothers,3
potholder,3
potholders,3
pothole,2
potholed,3
potholer,3
potholers,3
potholes,2
potholing,3
potholings,3
pothook,3
pothooks,3
pothos,3
pothouse,3
pothouses,3
pothunter,3
pothunters,3
pothunting,3
pothuntings,3
praiseworthier,3
praiseworthiest,3
praiseworthily,3
praiseworthy,3
preadulthood,3
preadulthoods,3
preanesthetic,3
preauthorize,3
preauthorized,3
preauthorizes,3
preauthorizing,3
prebirth,3
prebirths,3
predeath,3
predeaths,3
preethical,3
pregrowth,3
pregrowths,3
pretheater,3
priesthood,2
priesthoods,3
printhead,3
printheads,3
prithee,3
procathedral,3
procathedrals,3
prognathic,3
prognathism,3
prognathisms,3
prognathous,3
promethium,3
promethiums,3
prophethood,3
prophethoods,3
prostheses,2
prosthesis,2
prosthetic,2
prosthetically,3
prosthetics,2
prosthetist,3
prosthetists,3
prosthodontics,3
prosthodontist,3
prosthodontists,3
prothalamia,3
prothalamion,3
prothalamium,3
prothalli,3
prothallia,3
prothallium,3
prothallus,3
prothalluses,3
protheses,3
prothesis,3
prothetic,3
prothonotarial,3
prothonotaries,3
prothonotary,3
prothoraces,3
prothoracic,3
prothorax,3
prothoraxes,3
prothrombin,3
prothrombins,3
protopathic,3
prutoth,3
prythee,3
psychasthenia,3
psychasthenias,3
psychasthenic,3
psychasthenics,3
psychopath,2
psychopathic,2
psychopathics,3
psychopathies,3
psychopathology,2
psychopaths,2
psychopathy,3
psychosyntheses,3
psychosynthesis,3
psychotherapies,3
psychotherapist,2
psychotherapy,2
pyracantha,3
pyracanthas,3
pyrethrin,3
pyrethrins,3
pyrethroid,3
pyrethroids,3
pyrethrum,3
pyrethrums,3
pyrimethamine,3
pyrimethamines,3
python,2
pythoness,3
pythonesses,3
pythonic,3
pythons,3
quadrillionth,3
quadrillionths,3
quintillionth,3
quintillionths,3
quoth,3
quotha,3
radiculopathies,3
radiculopathy,3
radiotherapies,3
radiotherapist,3
radiotherapists,3
radiotherapy,2
radiothorium,3
radiothoriums,3
rath,2
rathe,3
rather,1
rathole,3
ratholes,3
rathskeller,3
rathskellers,3
reauthorization,2
reauthorize,3
reauthorized,3
reauthorizes,3
reauthorizing,3
rebirth,2
rebirthing,3
rebirthings,3
rebirths,3
rebreather,3
rebreathers,3
reclothe,3
reclothed,3
reclothes,3
reclothing,3
reenthrone,3
reenthroned,3
reenthrones,3
reenthroning,3
regather,3
regathered,3
regathering,3
regathers,3
regolith,3
regoliths,3
regrowth,3
regrowths,3
remythologize,3
remythologized,3
remythologizes,3
remythologizing,3
resmethrin,3
resmethrins,3
resmooth,3
resmoothed,3
resmoothing,3
resmooths,3
restrengthen,3
restrengthened,3
restrengthening,3
restrengthens,3
resyntheses,3
resynthesis,3
resynthesize,3
resynthesized,3
resynthesizes,3
resynthesizing,3
retheorization,3
retheorizations,3
retheorize,3
retheorized,3
retheorizes,3
retheorizing,3
rethink,2
rethinker,3
rethinkers,3
rethinking,2
rethinkings,3
rethinks,3
rethought,3
rethread,3
rethreaded,3
rethreading,3
rethreads,3
retinopathies,3
retinopathy,3
rhadamanthine,3
rhythm,2
rhythmic,2
rhythmical,3
rhythmically,2
rhythmicities,3
rhythmicity,3
rhythmics,3
rhythmist,3
rhythmists,3
rhythmization,3
rhythmizations,3
rhythmize,3
rhythmized,3
rhythmizes,3
rhythmizing,3
rhythmless,3
rhythms,2
roadworthiness,3
roadworthy,3
roothold,3
rootholds,3
routh,3
rouths,3
rowth,3
rowths,3
rubythroat,3
rubythroats,3
ruth,2
ruthenic,3
ruthenium,3
rutheniums,3
ruther,3
rutherfordium,3
rutherfordiums,3
ruthful,3
ruthfully,3
ruthfulness,3
ruthfulnesses,3
ruthless,2
ruthlessly,2
ruthlessness,2
ruthlessnesses,3
ruths,3
sabbath,2
sabbaths,3
sackcloth,3
sackcloths,3
saddlecloth,3
saddlecloths,3
sailcloth,3
sailcloths,3
sainthood,2
sainthoods,3
saith,2
saithe,3
sawteeth,3
sawtooth,3
sawtoothed,3
scathe,3
scathed,3
scatheless,3
scathes,3
scathing,2
scathingly,3
sclerotherapies,3
sclerotherapy,3
scouth,3
scouther,3
scouthered,3
scouthering,3
scouthers,3
scouths,3
scythe,2
scythed,3
scythes,3
scything,3
seaworthier,3
seaworthiest,3
seaworthiness,3
seaworthinesses,3
seaworthy,3
seethe,3
seethed,3
seethes,3
seething,2
seethingly,3
selcouth,3
semilethal,3
semilethals,3
semilogarithmic,3
semimonthlies,3
semimonthly,3
semisynthetic,3
semisynthetics,3
servanthood,3
servanthoods,3
seventeenth,2
seventeenths,3
seventh,2
seventhly,3
sevenths,3
seventieth,3
seventieths,3
sheath,2
sheathbill,3
sheathbills,3
sheathe,3
sheathed,2
sheather,3
sheathers,3
sheathes,3
sheathing,3
sheathings,3
sheathless,3
sheaths,3
shibboleth,3
shibboleths,3
shithead,2
shitheaded,3
shitheads,3
shitheel,3
shitheels,3
shithole,2
shitholes,3
shithouse,3
shithouses,3
shofroth,3
shophroth,3
shorthair,3
shorthaired,3
shorthairs,3
shorthand,2
shorthanded,3
shorthands,3
shorthead,3
shortheads,3
shorthorn,3
shorthorns,3
shothole,3
shotholes,3
silversmith,3
silversmithing,3
silversmithings,3
silversmiths,3
sith,2
sithence,3
sithens,3
sixteenth,2
sixteenths,3
sixth,1
sixthly,3
sixths,3
sixtieth,3
sixtieths,3
slather,2
slathered,2
slathering,3
slathers,3
sleuth,2
sleuthed,3
sleuthhound,3
sleuthhounds,3
sleuthing,3
sleuthings,3
sleuths,3
slither,2
slithered,2
slitherier,3
slitheriest,3
slithering,2
slithers,3
slithery,3
sloth,2
slothful,3
slothfully,3
slothfulness,3
slothfulnesses,3
sloths,3
smallclothes,3
smallmouth,2
smallmouths,3
smashmouth,3
smith,1
smithereens,2
smitheries,3
smithers,2
smithery,3
smithies,3
smithing,3
smithings,3
smiths,2
smithsonite,3
smithsonites,3
smithy,3
smooth,1
smoothable,3
smoothbore,3
smoothbores,3
smoothe,3
smoothed,2
smoothen,3
smoothened,3
smoothening,3
smoothens,3
smoother,2
smoothers,3
smoothes,3
smoothest,3
smoothie,2
smoothies,2
smoothing,2
smoothish,3
smoothly,2
smoothness,2
smoothnesses,3
smooths,3
smoothy,3
smother,2
smothered,2
smotherer,3
smotherers,3
smothering,2
smothers,3
smothery,3
snaggleteeth,3
snaggletooth,3
snaggletoothed,3
snath,3
snathe,3
snathes,3
snaths,3
sociopath,2
sociopathic,2
sociopathies,3
sociopaths,2
sociopathy,3
softhead,3
softheaded,3
softheadedly,3
softheadedness,3
softheads,3
softhearted,3
softheartedly,3
softheartedness,3
something,1
somethings,2
somewhither,3
songsmith,3
songsmiths,3
sooth,3
soothe,2
soothed,2
soother,3
soothers,3
soothes,2
soothest,3
soothfast,3
soothing,2
soothingly,3
soothingness,3
soothingnesses,3
soothly,3
sooths,3
soothsaid,3
soothsay,3
soothsayer,3
soothsayers,3
soothsaying,3
soothsayings,3
soothsays,3
soth,3
soths,3
south,1
southbound,2
southeast,2
southeaster,3
southeasterly,3
southeastern,2
southeasterner,3
southeasterners,3
southeasters,3
southeasts,3
southeastward,3
southeastwards,3
southed,3
souther,3
southerlies,3
southerly,3
southern,1
southerner,2
southerners,2
southernmost,2
southernness,3
southernnesses,3
southerns,3
southernwood,3
southernwoods,3
southers,3
southing,3
southings,3
southland,2
southlands,3
southpaw,3
southpaws,3
southron,3
southrons,3
souths,3
southward,2
southwards,3
southwest,2
southwester,3
southwesterly,3
southwestern,2
southwesterner,3
southwesterners,3
southwesters,3
southwests,3
southwestward,3
southwestwards,3
spathal,3
spathe,3
spathed,3
spathes,3
spathic,3
spathose,3
spathulate,3
spendthrift,3
spendthrifts,3
spermatheca,3
spermathecae,3
spermathecas,3
spilth,3
spilths,3
spinthariscope,3
spinthariscopes,3
stadtholder,3
stadtholderate,3
stadtholderates,3
stadtholders,3
stadtholdership,3
staithe,3
staithes,3
stalworth,3
stalworths,3
statolith,3
statoliths,3
stealth,2
stealthier,3
stealthiest,3
stealthily,2
stealthiness,3
stealthinesses,3
stealths,3
stealthy,2
stenobath,3
stenobathic,3
stenobaths,3
stenotherm,3
stenothermal,3
stenotherms,3
stepbrother,3
stepbrothers,3
stepfather,2
stepfathers,3
stepmother,2
stepmothers,3
stethoscope,2
stethoscopes,3
stethoscopic,3
sthenia,3
sthenias,3
sthenic,3
stichomythia,3
stichomythias,3
stichomythic,3
stichomythies,3
stichomythy,3
stillbirth,3
stillbirths,3
stithied,3
stithies,3
stithy,3
stithying,3
stouthearted,3
stoutheartedly,3
strath,3
straths,3
strathspey,3
strathspeys,3
strength,1
strengthen,2
strengthened,2
strengthener,3
strengtheners,3
strengthening,2
strengthens,2
strengths,2
streptothricin,3
streptothricins,3
strophanthin,3
strophanthins,3
struthious,3
sublethal,3
sublethally,3
subtheme,3
subthemes,3
subtherapeutic,3
subthreshold,3
succoth,3
sukkoth,3
sunbath,3
sunbathe,3
sunbathed,3
sunbather,3
sunbathers,3
sunbathes,3
sunbathing,2
sunbaths,3
superathlete,3
superathletes,3
supergrowth,3
supergrowths,3
supersleuth,3
supersleuths,3
supersmooth,3
superstrength,3
superstrengths,3
superthick,3
superthin,3
superthriller,3
superthrillers,3
swarth,3
swarthier,3
swarthiest,3
swarthily,3
swarthiness,3
swarthinesses,3
swarths,3
swarthy,3
swath,2
swathe,3
swathed,2
swather,3
swathers,3
swathes,3
swathing,3
swaths,2
sweetheart,2
sweethearts,2
swith,3
swithe,3
swither,3
swithered,3
swithering,3
swithers,3
swithly,3
sympathectomies,3
sympathectomy,3
sympathetic,2
sympathetically,2
sympathetics,3
sympathies,2
sympathin,3
sympathins,3
sympathise,3
sympathised,3
sympathiser,3
sympathisers,3
sympathises,3
sympathising,3
sympathize,2
sympathized,2
sympathizer,2
sympathizers,2
sympathizes,3
sympathizing,3
sympatholytic,3
sympatholytics,3
sympathomimetic,3
sympathy,2
synaestheses,3
synaesthesia,3
synaesthesias,3
synaesthesis,3
synarthrodial,3
synarthroses,3
synarthrosis,3
synesthesia,3
synesthesias,3
synesthete,3
synesthetes,3
synesthetic,3
synth,2
synthase,3
synthases,3
syntheses,3
synthesis,2
synthesise,3
synthesised,3
synthesiser,3
synthesisers,3
synthesises,3
synthesising,3
synthesist,3
synthesists,3
synthesize,2
synthesized,2
synthesizer,2
synthesizers,2
synthesizes,3
synthesizing,2
synthetase,3
synthetases,3
synthetic,2
synthetically,3
synthetics,2
synthpop,3
synthpops,3
synths,3
tablecloth,2
tablecloths,2
tachyarrhythmia,3
talkathon,3
talkathons,3
tallith,3
tallithes,3
tallithim,3
talliths,3
tallitoth,3
tathata,3
tathatas,3
teeth,1
teethe,3
teethed,3
teether,3
teethers,3
teethes,3
teething,2
teethings,3
teethless,3
teethridge,3
teethridges,3
telehealth,3
telehealths,3
telepath,3
telepathic,2
telepathically,3
telepathies,3
telepaths,3
telepathy,2
telethon,2
telethons,3
tendinopathies,3
tendinopathy,3
tendonopathies,3
tendonopathy,3
tenth,2
tenthly,3
tenths,3
terebinth,3
terebinths,3
terephthalate,3
terephthalates,3
teth,3
tether,2
tetherball,3
tetherballs,3
tethered,2
tethering,3
tethers,3
teths,3
tetraethyl,3
tetramethyllead,3
thack,3
thacked,3
thacking,3
thacks,3
thae,3
thairm,3
thairms,3
thalami,3
thalamic,3
thalamus,3
thalassaemia,3
thalassaemias,3
thalassemia,3
thalassemias,3
thalassemic,3
thalassemics,3
thalassic,3
thalassocracies,3
thalassocracy,3
thalassocrat,3
thalassocrats,3
thalassotherapy,3
thaler,3
thalers,3
thali,3
thalidomide,3
thalidomides,3
thalis,3
thalli,3
thallic,3
thallious,3
thallium,3
thalliums,3
thalloid,3
thallophyte,3
thallophytes,3
thallophytic,3
thallous,3
thallus,3
thalluses,3
thalweg,3
thalwegs,3
than,1
thanage,3
thanages,3
thanatological,3
thanatologies,3
thanatologist,3
thanatologists,3
thanatology,3
thanatos,3
thanatoses,3
thane,3
thanedom,3
thanedoms,3
thanes,3
thaneship,3
thaneships,3
thang,2
thangs,3
thank,1
thanked,2
thanker,3
thankers,3
thankful,2
thankfuller,3
thankfullest,3
thankfully,2
thankfulness,3
thankfulnesses,3
thanking,2
thankless,2
thanklessly,3
thanklessness,3
thanklessnesses,3
thanks,1
thanksgiving,1
thanksgivings,3
thankworthier,3
thankworthiest,3
thankworthy,3
tharm,3
tharms,3
that,1
thataway,3
thatch,2
thatched,2
thatcher,2
thatchers,3
thatches,3
thatchier,3
thatchiest,3
thatching,3
thatchings,3
thatchy,3
thaumaturge,3
thaumaturges,3
thaumaturgic,3
thaumaturgies,3
thaumaturgist,3
thaumaturgists,3
thaumaturgy,3
thaw,2
thawed,2
thawer,3
thawers,3
thawing,2
thawings,3
thawless,3
thaws,3
theanine,3
theanines,3
thearchies,3
thearchy,3
theater,1
theatergoer,3
theatergoers,3
theatergoing,3
theatergoings,3
theaters,2
theatre,1
theatregoer,3
theatregoers,3
theatres,2
theatric,3
theatrical,2
theatricalism,3
theatricalisms,3
theatricalities,3
theatricality,3
theatricalize,3
theatricalized,3
theatricalizes,3
theatricalizing,3
theatrically,2
theatricals,3
theatrics,2
thebaine,3
thebaines,3
thebe,3
thebes,2
theca,3
thecae,3
thecal,3
thecate,3
thecodont,3
thecodonts,3
thee,2
theelin,3
theelins,3
theelol,3
theelols,3
theft,2
thefts,2
thegn,3
thegnly,3
thegns,3
thein,3
theine,3
theines,3
theins,3
their,1
theirs,2
theirself,3
theirselves,3
theism,2
theisms,3
theist,2
theistic,2
theistical,3
theistically,3
theists,2
thelitis,3
thelitises,3
them,1
thematic,2
thematically,2
thematics,3
thematise,3
thematised,3
thematises,3
thematising,3
thematize,3
thematized,3
thematizes,3
thematizing,3
theme,1
themed,2
themes,1
theming,3
themself,2
themselves,1
then,1
thenage,3
thenages,3
thenal,3
thenar,3
thenars,3
thence,2
thenceforth,3
thenceforward,3
thenceforwards,3
thens,3
theobromine,3
theobromines,3
theocentric,3
theocentricity,3
theocentrism,3
theocentrisms,3
theocracies,3
theocracy,2
theocrat,3
theocratic,2
theocratical,3
theocratically,3
theocrats,3
theodicies,3
theodicy,3
theodolite,3
theodolites,3
theogonic,3
theogonies,3
theogony,3
theolog,3
theologian,2
theologians,2
theologic,3
theological,2
theologically,2
theologies,2
theologise,3
theologised,3
theologises,3
theologising,3
theologize,3
theologized,3
theologizer,3
theologizers,3
theologizes,3
theologizing,3
theologs,3
theologue,3
theologues,3
theology,2
theomachies,3
theomachy,3
theonomies,3
theonomous,3
theonomy,3
theophanic,3
theophanies,3
theophany,3
theophylline,3
theophyllines,3
theorbist,3
theorbists,3
theorbo,3
theorbos,3
theorem,2
theorematic,3
theorems,2
theoretic,3
theoretical,1
theoretically,2
theoretician,3
theoreticians,3
theoretics,3
theories,1
theorise,3
theorised,3
theorises,3
theorising,3
theorist,2
theorists,2
theorization,3
theorizations,3
theorize,2
theorized,2
theorizer,3
theorizers,3
theorizes,3
theorizing,2
theory,1
theosophic,3
theosophical,3
theosophically,3
theosophies,3
theosophist,3
theosophists,3
theosophy,3
therapeuses,3
therapeusis,3
therapeutic,2
therapeutically,3
therapeutics,2
therapies,2
therapise,3
therapised,3
therapises,3
therapising,3
therapist,2
therapists,2
therapize,3
therapized,3
therapizes,3
therapizing,3
therapsid,3
therapsids,3
therapy,1
there,1
thereabout,3
thereabouts,2
thereafter,2
thereat,3
thereby,2
therefor,2
therefore,1
therefrom,3
therein,2
thereinafter,3
thereinto,3
theremin,3
theremins,3
thereof,2
thereon,2
thereout,3
theres,2
thereto,2
theretofore,3
thereunder,3
thereunto,3
thereupon,3
therewith,3
therewithal,3
theriac,3
theriaca,3
theriacal,3
theriacas,3
theriacs,3
therian,3
therians,3
theriomorphic,3
therm,3
thermae,3
thermal,2
thermalization,3
thermalizations,3
thermalize,3
thermalized,3
thermalizes,3
thermalizing,3
thermally,3
thermals,3
therme,3
thermel,3
thermels,3
thermes,3
thermic,3
thermically,3
thermidor,3
thermidors,3
thermion,3
thermionic,3
thermionics,3
thermions,3
thermistor,3
thermistors,3
thermit,3
thermite,3
thermites,3
thermits,3
thermobaric,3
thermochemical,3
thermochemist,3
thermochemistry,3
thermochemists,3
thermocline,3
thermoclines,3
thermocouple,3
thermocouples,3
thermoduric,3
thermodynamic,2
thermodynamical,3
thermodynamics,2
thermoelectric,3
thermoelement,3
thermoelements,3
thermoform,3
thermoformable,3
thermoformed,3
thermoforming,3
thermoforms,3
thermogeneses,3
thermogenesis,3
thermogenic,3
thermogram,3
thermograms,3
thermograph,3
thermographer,3
thermographers,3
thermographic,3
thermographies,3
thermographs,3
thermography,3
thermohaline,3
thermojunction,3
thermojunctions,3
thermolabile,3
thermolability,3
thermomagnetic,3
thermometer,2
thermometers,2
thermometric,3
thermometries,3
thermometry,3
thermonuclear,2
thermoperiodism,3
thermophile,3
thermophiles,3
thermophilic,3
thermophilous,3
thermopile,3
thermopiles,3
thermoplastic,3
thermoplastics,3
thermoreceptor,3
thermoreceptors,3
thermoregulate,3
thermoregulated,3
thermoregulates,3
thermoregulator,3
thermoremanence,3
thermoremanent,3
thermos,2
thermoscope,3
thermoscopes,3
thermoses,3
thermoset,3
thermosets,3
thermosetting,3
thermosphere,3
thermospheres,3
thermospheric,3
thermostability,3
thermostable,3
thermostat,2
thermostated,3
thermostatic,3
thermostating,3
thermostats,2
thermostatted,3
thermostatting,3
thermotactic,3
thermotaxes,3
thermotaxis,3
thermotropic,3
thermotropism,3
thermotropisms,3
therms,3
theroid,3
theropod,3
theropods,3
thesaural,3
thesauri,3
thesaurus,2
thesauruses,3
these,1
theses,2
thesis,2
thesp,3
thespian,3
thespians,3
thesps,3
theta,2
thetas,3
thetic,3
thetical,3
thetically,3
thetri,3
thetris,3
theurgic,3
theurgical,3
theurgies,3
theurgist,3
theurgists,3
theurgy,3
thew,3
thewier,3
thewiest,3
thewless,3
thews,3
thewy,3
they,1
thiabendazole,3
thiabendazoles,3
thiamin,3
thiaminase,3
thiaminases,3
thiamine,3
thiamines,3
thiamins,3
thiazide,3
thiazides,3
thiazin,3
thiazine,3
thiazines,3
thiazins,3
thiazol,3
thiazole,3
thiazoles,3
thiazols,3
thick,1
thicken,2
thickened,2
thickener,3
thickeners,3
thickening,2
thickenings,3
thickens,2
thicker,2
thickest,2
thicket,2
thicketed,3
thickets,2
thickety,3
thickhead,3
thickheaded,3
thickheads,3
thickish,3
thickly,2
thickness,2
thicknesses,3
thicks,3
thickset,3
thicksets,3
thief,2
thieve,3
thieved,3
thieveries,3
thievery,2
thieves,2
thieving,2
thievish,3
thievishly,3
thievishness,3
thievishnesses,3
thigh,2
thighbone,3
thighbones,3
thighed,3
thighs,2
thigmotaxes,3
thigmotaxis,3
thigmotropism,3
thigmotropisms,3
thill,3
thills,3
thimble,3
thimbleberries,3
thimbleberry,3
thimbleful,3
thimblefuls,3
thimblerig,3
thimblerigged,3
thimblerigger,3
thimbleriggers,3
thimblerigging,3
thimblerigs,3
thimbles,3
thimblesful,3
thimbleweed,3
thimbleweeds,3
thimerosal,2
thimerosals,3
thin,1
thinclad,3
thinclads,3
thindown,3
thindowns,3
thine,2
thing,1
thingamabob,3
thingamabobs,3
thingamajig,3
thingamajigs,3
thingies,3
thingness,3
thingnesses,3
things,1
thingumajig,3
thingumajigs,3
thingummies,3
thingummy,3
thingy,2
think,1
thinkable,3
thinkableness,3
thinkablenesses,3
thinkably,3
thinker,2
thinkers,2
thinking,1
thinkingly,3
thinkingness,3
thinkingnesses,3
thinkings,3
thinks,1
thinly,2
thinned,2
thinner,2
thinners,3
thinness,2
thinnesses,3
thinnest,2
thinning,2
thinnings,3
thinnish,3
thins,2
thio,3
thiocyanate,3
thiocyanates,3
thiol,3
thiolic,3
thiols,3
thionate,3
thionates,3
thionic,3
thionin,3
thionine,3
thionines,3
thionins,3
thionyl,3
thionyls,3
thiopental,3
thiopentals,3
thiophen,3
thiophene,3
thiophenes,3
thiophens,3
thioridazine,3
thioridazines,3
thiosulfate,3
thiosulfates,3
thiotepa,3
thiotepas,3
thiouracil,3
thiouracils,3
thiourea,3
thioureas,3
thir,3
thiram,3
thirams,3
third,1
thirdhand,3
thirdly,2
thirds,2
thirl,3
thirlage,3
thirlages,3
thirled,3
thirling,3
thirls,3
thirst,2
thirsted,3
thirster,3
thirsters,3
thirstier,3
thirstiest,3
thirstily,3
thirstiness,3
thirstinesses,3
thirsting,3
thirsts,3
thirsty,2
thirteen,2
thirteens,3
thirteenth,2
thirteenths,3
thirties,2
thirtieth,2
thirtieths,3
thirty,1
thirtyfold,3
thirtyish,3
thirtysomething,3
this,1
thisaway,3
thistle,2
thistledown,3
thistledowns,3
thistles,3
thistlier,3
thistliest,3
thistly,3
thither,2
thitherto,3
thitherward,3
thitherwards,3
thixotropic,3
thixotropies,3
thixotropy,3
thole,3
tholed,3
tholeiite,3
tholeiites,3
tholeiitic,3
tholepin,3
tholepins,3
tholes,3
tholing,3
tholoi,3
tholos,3
thong,2
thonged,3
thongier,3
thongiest,3
thonging,3
thongs,2
thongy,3
thoracal,3
thoraces,3
thoracic,2
thoracically,3
thoracotomies,3
thoracotomy,3
thorax,2
thoraxes,3
thoria,3
thorianite,3
thorianites,3
thorias,3
thoric,3
thorite,3
thorites,3
thorium,2
thoriums,3
thorn,2
thornapple,3
thornapples,3
thornback,3
thornbacks,3
thornbush,3
thornbushes,3
thorned,3
thornier,3
thorniest,3
thornily,3
thorniness,3
thorninesses,3
thorning,3
thornless,3
thornlike,3
thornproof,3
thorns,2
thorntail,3
thorntails,3
thorny,2
thoro,3
thoron,3
thorons,3
thorough,2
thoroughbass,3
thoroughbasses,3
thoroughbrace,3
thoroughbraces,3
thoroughbred,2
thoroughbreds,3
thorougher,3
thoroughest,3
thoroughfare,2
thoroughfares,2
thoroughgoing,3
thoroughgoingly,3
thoroughly,2
thoroughness,2
thoroughnesses,3
thoroughpin,3
thoroughpins,3
thoroughwort,3
thoroughworts,3
thorp,3
thorpe,2
thorpes,3
thorps,3
those,1
thou,2
thoued,3
though,1
thought,1
thoughtful,2
thoughtfully,2
thoughtfulness,2
thoughtless,2
thoughtlessly,3
thoughtlessness,3
thoughts,1
thoughtway,3
thoughtways,3
thouing,3
thous,3
thousand,1
thousandfold,3
thousands,1
thousandth,2
thousandths,3
thowless,3
thraldom,3
thraldoms,3
thrall,2
thralldom,3
thralldoms,3
thralled,3
thralling,3
thralls,3
thrash,2
thrashed,2
thrasher,3
thrashers,3
thrashes,3
thrashier,3
thrashiest,3
thrashing,2
thrashings,3
thrashy,3
thrasonical,3
thrasonically,3
thrave,3
thraves,3
thraw,3
thrawart,3
thrawed,3
thrawing,3
thrawn,2
thrawnly,3
thraws,3
thread,1
threadbare,2
threadbareness,3
threaded,2
threader,3
threaders,3
threadfin,3
threadfins,3
threadier,3
threadiest,3
threadiness,3
threadinesses,3
threading,2
threadless,3
threadlike,3
threads,2
threadworm,3
threadworms,3
thready,3
threap,3
threaped,3
threaper,3
threapers,3
threaping,3
threaps,3
threat,1
threated,3
threaten,2
threatened,1
threatener,3
threateners,3
threatening,1
threateningly,3
threatens,2
threating,3
threats,1
three,1
threefold,2
threep,3
threeped,3
threepence,3
threepences,3
threepenny,3
threeping,3
threeps,3
threes,2
threescore,3
threesome,2
threesomes,3
threnode,3
threnodes,3
threnodic,3
threnodies,3
threnodist,3
threnodists,3
threnody,3
threonine,3
threonines,3
thresh,3
threshed,3
thresher,3
threshers,3
threshes,3
threshing,3
threshings,3
threshold,2
thresholds,2
threw,1
thrice,2
thrift,2
thriftier,3
thriftiest,3
thriftily,3
thriftiness,3
thriftinesses,3
thriftless,3
thriftlessly,3
thriftlessness,3
thrifts,2
thrifty,2
thrill,2
thrilled,2
thriller,2
thrillers,2
thrilling,2
thrillingly,3
thrills,2
thrip,3
thrips,3
thrive,2
thrived,2
thriven,3
thriver,3
thrivers,3
thrives,2
thriving,2
thrivingly,3
thro,3
throat,1
throated,3
throatier,3
throatiest,3
throatily,3
throatiness,3
throatinesses,3
throating,3
throatlatch,3
throatlatches,3
throats,2
throaty,2
throb,2
throbbed,2
throbber,3
throbbers,3
throbbing,2
throbs,3
throe,3
throes,2
thrombi,3
thrombin,3
thrombins,3
thrombocyte,3
thrombocytes,3
thrombocytic,3
thromboembolic,3
thromboembolism,3
thrombokinase,3
thrombokinases,3
thrombolyses,3
thrombolysis,3
thrombolytic,3
thromboplastic,3
thromboplastin,3
thromboplastins,3
thrombose,3
thrombosed,3
thromboses,3
thrombosing,3
thrombosis,2
thrombotic,3
thromboxane,3
thromboxanes,3
thrombus,3
throne,2
throned,3
throneless,3
thrones,2
throng,2
thronged,3
thronging,3
throngs,2
throning,3
throstle,3
throstles,3
throttle,2
throttleable,3
throttled,3
throttlehold,3
throttleholds,3
throttler,3
throttlers,3
throttles,3
throttling,3
through,1
throughither,3
throughly,3
throughother,3
throughout,1
throughput,2
throughputs,3
throughway,3
throughways,3
throve,3
throw,1
throwable,3
throwaway,2
throwaways,3
throwback,2
throwbacks,3
thrower,2
throwers,3
throwing,1
thrown,1
throws,2
throwster,3
throwsters,3
thru,2
thrum,3
thrummed,3
thrummer,3
thrummers,3
thrummier,3
thrummiest,3
thrumming,3
thrummings,3
thrummy,3
thrums,3
thruput,3
thruputs,3
thrush,2
thrushes,3
thrust,2
thrusted,3
thruster,3
thrusters,2
thrustful,3
thrusting,2
thrustings,3
thrustor,3
thrustors,3
thrusts,2
thruway,3
thruways,3
thud,2
thudded,3
thudding,2
thuddingly,3
thuds,2
thug,2
thuggee,3
thuggees,3
thuggeries,3
thuggery,3
thuggish,3
thuggishly,3
thugs,2
thuja,3
thujas,3
thulia,3
thulias,3
thulium,3
thuliums,3
thumb,2
thumbed,2
thumbhole,3
thumbholes,3
thumbing,2
thumbkin,3
thumbkins,3
thumbless,3
thumbnail,2
thumbnails,2
thumbnut,3
thumbnuts,3
thumbprint,2
thumbprints,3
thumbs,2
thumbscrew,3
thumbscrews,3
thumbtack,3
thumbtacked,3
thumbtacking,3
thumbtacks,3
thumbwheel,3
thumbwheels,3
thump,2
thumped,2
thumper,3
thumpers,3
thumping,2
thumpingly,3
thumps,2
thunder,2
thunderbird,2
thunderbirds,3
thunderbolt,2
thunderbolts,3
thunderclap,2
thunderclaps,3
thundercloud,3
thunderclouds,3
thundered,2
thunderer,3
thunderers,3
thunderhead,3
thunderheads,3
thunderier,3
thunderiest,3
thundering,2
thunderingly,3
thunderous,2
thunderously,3
thunders,3
thundershower,3
thundershowers,3
thunderstone,3
thunderstones,3
thunderstorm,2
thunderstorms,2
thunderstricken,3
thunderstrike,3
thunderstrikes,3
thunderstriking,3
thunderstroke,3
thunderstrokes,3
thunderstruck,3
thundery,3
thunk,2
thunked,3
thunking,3
thunks,3
thurible,3
thuribles,3
thurifer,3
thurifers,3
thurl,3
thurls,3
thus,1
thusly,2
thuya,3
thuyas,3
thwack,3
thwacked,3
thwacker,3
thwackers,3
thwacking,3
thwacks,3
thwart,2
thwarted,2
thwarter,3
thwarters,3
thwarting,2
thwartly,3
thwarts,3
thwartwise,3
thylacine,3
thylacines,3
thylakoid,3
thylakoids,3
thyme,2
thymectomies,3
thymectomize,3
thymectomized,3
thymectomizes,3
thymectomizing,3
thymectomy,3
thymes,3
thymey,3
thymi,3
thymic,3
thymidine,3
thymidines,3
thymier,3
thymiest,3
thymine,3
thymines,3
thymocyte,3
thymocytes,3
thymol,3
thymols,3
thymoma,3
thymomas,3
thymomata,3
thymosin,3
thymosins,3
thymus,3
thymuses,3
thymy,3
thyratron,3
thyratrons,3
thyreoid,3
thyristor,3
thyristors,3
thyrocalcitonin,3
thyroglobulin,3
thyroglobulins,3
thyroid,2
thyroidal,3
thyroidectomies,3
thyroidectomy,3
thyroiditides,3
thyroiditis,3
thyroiditises,3
thyroids,3
thyrotoxicoses,3
thyrotoxicosis,3
thyrotrophic,3
thyrotrophin,3
thyrotrophins,3
thyrotropic,3
thyrotropin,3
thyrotropins,3
thyroxin,3
thyroxine,3
thyroxines,3
thyroxins,3
thyrse,3
thyrses,3
thyrsi,3
thyrsoid,3
thyrsus,3
thysanuran,3
thysanurans,3
thyself,2
tilth,3
tilths,3
timothies,3
timothy,2
tinsmith,3
tinsmithing,3
tinsmithings,3
tinsmiths,3
tithable,3
tithe,2
tithed,3
tither,3
tithers,3
tithes,3
tithing,2
tithings,3
tithonia,3
tithonias,3
together,1
togetherness,2
togethernesses,3
tolbooth,3
tolbooths,3
tollbooth,3
tollbooths,3
tooth,2
toothache,2
toothaches,3
toothbrush,2
toothbrushed,3
toothbrushes,2
toothbrushing,3
toothbrushings,3
toothed,3
toothfish,3
toothfishes,3
toothier,3
toothiest,3
toothily,3
toothing,3
toothless,2
toothlike,3
toothpaste,2
toothpastes,3
toothpick,2
toothpicks,2
tooths,3
toothsome,3
toothsomely,3
toothsomeness,3
toothsomenesses,3
toothwort,3
toothworts,3
toothy,2
toroth,3
tother,3
towpath,3
towpaths,3
tragacanth,3
tragacanths,3
transthoracic,3
transurethral,3
triathlete,3
triathletes,3
triathlon,2
triathlons,3
trichothecene,3
trichothecenes,3
triethyl,3
trihalomethane,3
trihalomethanes,3
trilith,3
trilithic,3
trilithon,3
trilithons,3
triliths,3
trillionth,3
trillionths,3
trimethoprim,3
trimethoprims,3
trimonthly,3
triphthong,3
triphthongal,3
triphthongs,3
tritheism,3
tritheisms,3
tritheist,3
tritheistic,3
tritheistical,3
tritheists,3
trithing,3
trithings,3
troth,3
trothed,3
trothing,3
trothplight,3
trothplighted,3
trothplighting,3
trothplights,3
troths,3
trowth,3
trowths,3
trustworthier,3
trustworthiest,3
trustworthily,3
trustworthiness,2
trustworthy,2
truth,1
truther,3
truthers,3
truthful,2
truthfully,2
truthfulness,2
truthfulnesses,3
truthless,3
truths,2
tunesmith,3
tunesmiths,3
turbeth,3
turbeths,3
turbith,3
turbiths,3
turpeth,3
turpeths,3
twelfth,2
twelfthly,3
twelfths,3
twelvemonth,3
twelvemonths,3
twentieth,2
twentieths,3
twentysomething,3
tyrothricin,3
tyrothricins,3
tythe,3
tythed,3
tythes,3
tything,3
tzitzith,3
ultramarathon,3
ultramarathoner,3
ultramarathons,3
ultraorthodox,3
ultrasmooth,3
ultrathin,3
umpteenth,3
umteenth,3
unaesthetic,3
unanesthetized,3
unathletic,3
unathletically,3
unathleticism,3
unathleticisms,3
unauthentic,3
unauthentically,3
unauthenticity,3
unauthorised,3
unauthorized,2
unbathed,3
unbothered,3
unbreathable,3
unclothe,3
unclothed,3
unclothes,3
unclothing,3
uncouth,3
uncouthly,3
uncouthness,3
uncouthnesses,3
underclothes,3
underclothing,3
underclothings,3
undergrowth,2
undergrowths,3
underneath,2
underneaths,3
understrength,3
underthrew,3
underthrow,3
underthrowing,3
underthrown,3
underthrows,3
underthrust,3
underthrusted,3
underthrusting,3
underthrusts,3
unearth,2
unearthed,2
unearthing,2
unearthlier,3
unearthliest,3
unearthliness,3
unearthlinesses,3
unearthly,2
unearths,3
unenthused,3
unenthusiastic,3
unethical,2
unethically,3
unfaith,3
unfaithful,2
unfaithfully,3
unfaithfulness,3
unfaiths,3
unfathered,3
unfathomable,2
unfathomably,3
unfathomed,3
unforthcoming,3
ungathered,3
unhealth,3
unhealthful,3
unhealthier,3
unhealthiest,3
unhealthily,3
unhealthiness,3
unhealthinesses,3
unhealths,3
unhealthy,2
unitholder,3
unitholders,3
unlethal,3
unmotherly,3
unnewsworthy,3
unorthodox,2
unorthodoxes,3
unorthodoxies,3
unorthodoxly,3
unorthodoxy,3
unrhythmic,3
unscathed,2
unseaworthy,3
unsheathe,3
unsheathed,3
unsheathes,3
unsheathing,3
unsmoothed,3
unsoothed,3
unswathe,3
unswathed,3
unswathes,3
unswathing,3
unsympathetic,2
untether,3
untethered,3
untethering,3
untethers,3
unthanked,3
unthankful,3
unthaw,3
unthawed,3
unthawing,3
unthaws,3
untheoretical,3
unthink,3
unthinkability,3
unthinkable,2
unthinkably,3
unthinking,2
unthinkingly,3
unthinks,3
unthought,3
unthread,3
unthreaded,3
unthreading,3
unthreads,3
unthreatening,3
unthreateningly,3
unthriftier,3
unthriftiest,3
unthrifty,3
unthrone,3
unthroned,3
unthrones,3
unthroning,3
untogether,3
untrustworthy,2
untruth,3
untruthful,3
untruthfully,3
untruthfulness,3
untruths,3
unweathered,3
unworthier,3
unworthies,3
unworthiest,3
unworthily,3
unworthiness,3
unworthinesses,3
unworthy,2
unwreathe,3
unwreathed,3
unwreathes,3
unwreathing,3
upgather,3
upgathered,3
upgathering,3
upgathers,3
upgrowth,3
upgrowths,3
upthrew,3
upthrow,3
upthrowing,3
upthrown,3
upthrows,3
upthrust,3
upthrusted,3
upthrusting,3
upthrusts,3
urethan,3
urethane,3
urethaned,3
urethanes,3
urethaning,3
urethans,3
urethra,3
urethrae,3
urethral,3
urethras,3
urethritides,3
urethritis,3
urethritises,3
urethroscope,3
urethroscopes,3
urolith,3
urolithiases,3
urolithiasis,3
urolithic,3
uroliths,3
vermouth,2
vermouths,3
vermuth,3
vermuths,3
walkathon,3
walkathons,3
warmouth,3
warmouths,3
warmth,2
warmths,3
warpath,3
warpaths,3
warthog,3
warthogs,3
washcloth,2
washcloths,3
waterthrush,3
waterthrushes,3
watthour,3
watthours,3
wavelength,2
wavelengths,2
wealth,1
wealthier,2
wealthiest,2
wealthily,3
wealthiness,3
wealthinesses,3
wealths,3
wealthy,1
weather,1
weatherability,3
weatherboard,3
weatherboarded,3
weatherboarding,3
weatherboards,3
weathercast,3
weathercaster,3
weathercasters,3
weathercasts,3
weathercock,3
weathercocks,3
weathered,2
weatherglass,3
weatherglasses,3
weathering,2
weatherings,3
weatherization,3
weatherizations,3
weatherize,3
weatherized,3
weatherizes,3
weatherizing,3
weatherly,3
weatherman,2
weathermen,3
weatherperson,3
weatherpersons,3
weatherproof,3
weatherproofed,3
weatherproofing,3
weatherproofs,3
weathers,2
weatherworn,3
wether,3
wethers,3
wherethrough,3
wherewith,3
wherewithal,2
wherewithals,3
wherewiths,3
whether,1
whitesmith,3
whitesmiths,3
whitethroat,3
whitethroats,3
whither,2
whithersoever,3
whitherward,3
widemouthed,3
width,2
widths,2
widthway,3
widthways,3
widthwise,3
windthrow,3
windthrows,3
with,1
withal,3
withdraw,2
withdrawable,3
withdrawal,2
withdrawals,2
withdrawing,2
withdrawn,2
withdrawnness,3
withdrawnnesses,3
withdraws,2
withdrew,2
withe,3
withed,3
wither,2
withered,2
witherer,3
witherers,3
withering,2
witheringly,3
witherings,3
witherite,3
witherites,3
witherod,3
witherods,3
withers,2
withershins,3
withes,3
withheld,2
withhold,2
withholder,3
withholders,3
withholding,2
withholdings,3
withholds,3
withier,3
withies,3
withiest,3
within,1
withindoors,3
withing,3
withins,3
without,1
withoutdoors,3
withouts,3
withstand,2
withstanding,2
withstands,3
withstood,2
withy,3
woolgather,3
woolgathered,3
woolgatherer,3
woolgatherers,3
woolgathering,3
woolgatherings,3
woolgathers,3
wordsmith,3
wordsmitheries,3
wordsmithery,3
wordsmiths,3
worth,1
worthed,3
worthful,3
worthier,3
worthies,3
worthiest,3
worthily,3
worthiness,2
worthinesses,3
worthing,3
worthless,2
worthlessly,3
worthlessness,3
worthlessnesses,3
worths,3
worthwhile,2
worthwhileness,3
worthy,1
wraith,2
wraithlike,3
wraiths,3
wrath,2
wrathed,3
wrathful,3
wrathfully,3
wrathfulness,3
wrathfulnesses,3
wrathier,3
wrathiest,3
wrathily,3
wrathing,3
wraths,3
wrathy,3
wreath,2
wreathe,3
wreathed,3
wreathen,3
wreather,3
wreathers,3
wreathes,3
wreathing,3
wreaths,2
wreathy,3
writhe,3
writhed,2
writhen,3
writher,3
writhers,3
writhes,3
writhing,2
wroth,3
wrothful,3
wuther,3
wuthered,3
wuthering,3
wuthers,3
xanthan,3
xanthans,3
xanthate,3
xanthates,3
xanthein,3
xantheins,3
xanthene,3
xanthenes,3
xanthic,3
xanthin,3
xanthine,3
xanthines,3
xanthins,3
xanthoma,3
xanthomas,3
xanthomata,3
xanthone,3
xanthones,3
xanthophyll,3
xanthophylls,3
xanthous,3
xenolith,3
xenolithic,3
xenoliths,3
xerophthalmia,3
xerophthalmias,3
xerophthalmic,3
xerothermic,3
yellowthroat,3
yellowthroats,3
yeshivoth,3
yirth,3
yirths,3
youth,1
youthen,3
youthened,3
youthening,3
youthens,3
youthful,2
youthfully,3
youthfulness,3
youthfulnesses,3
youthquake,3
youthquakes,3
youths,2
zeaxanthin,3
zeaxanthins,3
zenith,2
zenithal,3
zeniths,3
zeroth,3
zibeth,3
zibeths,3
zillionth,3
zillionths,3
zither,3
zitherist,3
zitherists,3
zithern,3
zitherns,3
zithers,3
zizith,3
zoantharian,3
zoantharians,3
zooxanthella,3
zooxanthellae,3
